1	258
3/అ-1	104
3/ఆ2	259
3/ఆ5	104
3/ఇ1	394
3/ఇ2	259
3/ఈ	3
4/2	3
4/3	231
5	160
6/1	160
7/1	60680
7/2	1226
7/5/2	1823
7/6	980
7/7	568
8/అ1	264
8/అ2	60660
8/అ3	349
8/అ4	2316
8/ఆ	1297
9/అ1-1/1	60660
9/అ1-1/2	60471
9/ఆ	2316
10/1	627
10/2/1	60337
10/3	347
11/1	627
11/2	60337
11/3	347
12/అ	349
13/1	60560
13/2	62
13/3	1092
13/3/2	1092
13/5	2676
14/1	60560
14/2	62
14/3	1092
14/3/2	1092
14/5	486
15	635
15/1	60560
15/2	62
15/3	1092
15/3/2	1092
15/4	144
15/5	60533
16/116/3	1039
16/2	980
16/5/2	1823
16/6	2623
17/1	1039
17/2-1	1039
17/3-2	1039
17/4	1039
17/a	980
18/1	60560
18/2	62
18/3	1092
18/4	635
18/5	144
20/అ	811
20/అ1	60494
20/ఆ/2	1812
20/ఆ2ఇ2	952
20/ఆ3ఇ3	811
20/ఈ3	1007
20/ఊ/2	514
21	60494
21/అ	811
21/ఆ1	60680
21/ఆ3	1226
21/ఆ7	649
21/ఆ8	951
21/ఇ1ఈ	1812
21/ఉ1	60533
21/ఊ	2669
22	649
22/అ2	60036
22/ఆ1	352
22/ఆ2	60336
22/ఆ2/1	1007
23/అ1	60560
23/అ2	62
23/అ3	1092
23/అ4	1287
23/అ5	60533
23/ఆ1	1287
23/ఆ2	513
23/ఆ3	485
23/ఆ3/1	485
23/ఆ3/2	1287
24/2/1	455
24/2/2/1	1265
24/2/2/2	60660
24/3	980
24/4	2599
24/5	258
25	1287
25/3	236
25/4	980
25/5	258
25/6	2662
26/1	60680
26/2	258
26/3	258
26/4	258
26/7	980
26/8	2599
26/9	2662
27/1	258
27/10	2662
27/3	485
27/4	2599
27/7-2	995
27/8	455
28/అ	486
28/ఆ1	60481
28/ఆ2	342
28/ఆ3/1	343
29/అ1	951
29/అ2	343
29/అ3	62
29/అ4	1092
29/ఆ/2	60264
29/ఇ	1287
29/ఈ2	60036
29/ఈ/2	60264
30/1	632
30/1/2	632
30/2	812
30/3	632
31/2	60731
31/3	60731
32/అ1	60731
32/అ3	60731
32/ఆ	1837
33/అ1	1408
33/అ2	1602
33/ఆ2/1	483
33/ఆ2/2	60731
33/ఆ3/1	232
33/ఆ3/2	60731
34/ఆ1/1	827
34/ఆ1/2	1421
34/ఆ2	1602
35/అ1	691
35/అ2/1	1421
35/ఆ1	212
35/ఆ2	827
36	646
37	827
37/2	1421
38/1	1076
38/3	85
38/ఆ2	1408
38/ఆ3	623
38/ఇ	60560
38/ఉ	1408
39/1	827
39/2-1	1603
39/3	1421
39/ఇ2	1602
40/1	1619
40/2	60590
40/3	60592
40/అ1/1	1604
40/అ2	1837
40/అ/2/1	1408
40/అ2/1	62
40/అ/2/2	1837
40/అ2/2/1/1	343
40/అ2/2/1/2	1837
40/అ2/2/2	980
40/అ2-3	147
40/అ2/3	147
40/అ3/1	2196
40/ఆ	486
40/ఇ	635
40/ఈ2	352
40/ఈ4	60037
40/ఉ	2662
41/1	60034
41/2	147
41/3	234
41/4	639
42/అ1	188
42/అ2	1138
42/అ-2	335
42/అ3	268
43/అ1	268
43/అ2	188
43/అ3	60754
43/అ4	268
43/ఆ	486
43/ఆ/2	60551
43/ఇ	811
43/ఈ	60364
44/1	274
44/2	1298
44/3	137
44/5	580
44/6	2773
45/అ	268
45/అ2	60551
45/ఆ1	60152
45/ఆ/3	110
46/5	60551
46/అ1	188
46/అ4/1	60708
46/అ4/2	60286
46/అ5	268
46/అ5/1	1165
46/ఇ3	60286
47/అ1	269
47/అ2/1	60185
47/అ3	818
47/అ5	60281
47/అ6	60020
47/అ7	830
47/అ8	569
47/ఆ/1	1642
48/3	60281
48/అ1	269
48/అ2/1	60185
48/అ3	818
48/అ7	60430
48/ఆ2	1642
49/అ/1	60708
49/అ2	1642
49/అ/2	60709
49/అ2/1	831
49/అ2/2	831
49/ఆ1	269
49/ఆ2/1	60185
49/ఆ3	818
49/ఆ5	60461
49/ఆ6	60020
49/ఆ7	830
49/ఆ8	569
49/ఇ	60430
50/అ1	16
50/అ2	60430
50/అ2/1	234
50/అ2/2	16
50/అ3	16
50/ఆ1	1345
50ఆ1/2	16
50/ఇ1	269
50/ఇ2/1	60185
50/ఇ3	188,818
50/ఇ4	2679
50/ఇ5	60281
50/ఇ6	60020
50/ఇ7	830
50/ఇ8	569
51/అ	826
51/అ/1	16
51/ఆ/2	60616
51/ఆ2/1	60185
51/ఆ3	818
51/ఆ5	60281
51/ఆ6	60020
51/ఆ7	830
51/ఆ8	569
51/ఇ1	188
51/ఈ	119
51/ఉ	2679
52/అ1	1078
52/ఆ1	1077
52/ఆ2	1076
52/ఇ	85
52/ఇ2/2/2	60729
52/ఇ2/3	827
52/ఇ3	489
53/అ1	1345
53/అ3	1078
53/ఆ1	1345
53/ఆ/1	1078
53/ఇ	486
53/ఈ	144
53/ఉ	1287
54/అ1	269
54/అ2/1	60185
54/అ3	818
54/అ5	60461
54/అ6	60020
54/అ7	830
54/అ8	569
54/ఆ1	1345
54/ఆ2	1345
54/ఇ1	60430
54/ఇ2	60430
55	2708
55/అ1	1608
55/అ2	1081
55/అ3	1973
55/అ4	1198
55/అ5	1197
55/ఉ	1973
56/ఆ3	485
56/ఆ4	568
56/ఆ5	1076
57/అ	1076
57/ఆ/4	85
58	1465
58/అ2/2	85
58/అ4	68
58/ఆ/3	85
59/1	489
59/అ	1078
60/1	299
60/అ	337
61/అ	337
61/ఆ	60384
61/ఆ/2	337
62	60384
63/2/1	60376
63/2/2	60377
64/అ1/1/1	60623
64/అ1/1/2	60624
64/అ1/2	60280
64/ఇ	772
65/అ1	772
65/అ/1	772
65/అ2	772
65/ఆ	487
66/6	749
66/అ	74
66/ఆ	749
66/ఆ/2/1	749
66/ఆ/2/2	1816
66/ఆ2/2	487
66/ఆ/3	494
67/1	1602
67/1/1	494
67/2	1602
67/3	494
67/7	749
68/2	1145
68/ఆ-1/1	1196
68/ఆ-1/2	60443
69/1	1196
69/1/1	983
70/8/2	1602
70/అ1	827
70/అ/1	1421
71/1/1	1213
71/అ5	623
72/అ1	60680
72/అ3	1226
72/అ5	1076
72/ఏ	514
74/అ1	736
74/అ2	127
74/ఆ1	1196
74/ఆ2	646
74/ఆ3	1196
76/అ1	60680
76/అ3	1226
76/అ5	1523
77/1	821
77/2	1469
79/అ2	60470
79/ఆ	685
79/ఆ/2	1478
79/ఆ5	158
79/ఇ1	60470
79/ఇ2	852
79/ఈ2	852
79/ఈ2/1	852
79/ఈ/2/2	852
79/ఈ2/3	852
79/ఉ1/1/1	158
79/ఉ1/1/2	60214
79/ఊ	158
79/ఊ1	821
79/ఊ2	60214
79/ఊ5	1083
79/ఊ/5	1478
79/ఏ	158
79/రు	158
80/అ	1478
80/అ1	113
80/అ2	158
80/ఆ	78
80/ఆ2	60214
80/ఆ3-1	158
80/ఆ4	158
80/ఇ	113
80/ఏ	158
81	78
81/అ	60340
81/అ1/1/1	111
81/అ1/1/2	60340
81/అ1/2	1446
81/అ2	113
81/అ3	60340
81/ఆ2	189
81/ఇ2	826
81/ఇ-2	60340
81/ఇ/2	60340
81/ఇ3	826
81/ఈ	60339
81/ఈ1	60340
81/ఈ2	60340
81/ఉ1	826
81/ఉ2	271
81/ఉ3	1083
81/ఉ4	281
81/ఉ7	812
81/ఉ8	632
81/ఉ9	228
81/ఊ	158
82/1	510
82/అ2/1/1	271
82/అ2/1/2	60723
82/అ3/1/1/1/1	271
82/అ3/1/1/1/2	60723
82/అ3/1/1/2	153
82/అ3/1/2	691
82/ఆ/2	2686
82/ఇ	1351
82/ఇ/2	1351
83	1262
83/అ	2704
83/అ1	60407
83/అ2	60017
83/అ4	500
83/అ5	2705
83/ఆ/1	2702
83/ఆ/2	2702
83/ఇ1	2162
83/ఇ2/1	1308
83/ఇ2/2	60242
83/ఈ	2162
83/ఈ2/1	234
83/ఈ2/2	60309
83/ఈ3	817
83/ఈ4	502
83/ఈ5	1613
83/ఉ/2	2702
83/ఉ3-1	132
83/ఉ4/1	16
83/ఊ1/1	282
83/ఊ1/2	817
83/ఊ3	1220
84/అ	2705
84/అ1	16
84/అ2	412
84/అ3/1	60410
84/అ3/2	1340
84/అ4	412
84/ఆ3	16
84/ఇ1/1	241
84/ఇ1/2	60417
84/ఇ3/1	60625
84/ఇ3/2	60465
84/ఈ1	269
84/ఈ2/1	60185
84/ఈ3	818
84/ఈ6	60020
84/ఈ7	569
84/ఈ8	830
84/ఏ	530
85/అ2	412
85/ఆ/1	1642
85/ఆ/2	1320
85/ఇ	234
85/ఈ	2686
86	443
86/1	297
86/10	823
86/11/1	977
86/12	1073
86/13	2205
86/15	60054
86/16	1352
86/17	2614
86/18	2615
86/19	2634
86/2	1316
86/20	1268
86/2/1	60247
86/22	1642
86/25	1205
86/3	111
86/5	614
86/55	324
86/56	326
86/57	456
86/6	2726
86/7	852
86/8	1315
86/9	822
86/9/1	5
86/ఆ3	893
86/ఆ5	1138
86/ఏ	1205
87/3	60461
87/అ2/1/1	385
87/అ2/1/2	60626
87/అ2/2	60417
87/ఆ1	269
87/ఆ2/1	60185
87/ఆ3	1829
87/ఆ4	60149
87/ఆ6	60020
87/ఆ7	830
87/ఆ8	569
87/ఉ3	60148
88/అ3	1340
88/ఆ1	192
88/ఆ/1	2702
88/ఆ2	192
88/ఆ/2	2702
88/ఇ	2676
88/ఇ2	60102
88/ఇ2/2	60103
88/ఇ2/3	60102
88/ఇ3	60103
89/2	1414
89/అ/1	2702
89అ1	2702
89/అ2	1343
89/అ4/1	951
89/ఆ/1	2702
89/ఆ1/2	395
89/ఆ2	60092
89/ఆ6	192
89/ఇ1/2	2702
89/ఈ/2	2702
90/అ	2753
90/అ1	1419
90అ1/1	1419
90/అ3	2753
90/అ/4	1414
90/అ6	153
90/అ7	153
90/ఆ	2663
90/ఆ3/1	60091
90/ఆ3/2	60092
90/ఆ5	60090
90/ఇ2	60092
91/1/1	1419
91/1/2	1419
91/2-1	633
91/2/2	1470
91/3	1246
91/3-2	2663
91/4	153
91/5	1618
92	514
92/2	1414
92/3	1618
92/అ	284
92/అ4	1617
92/ఆ5/1	45
92/ఆ5/2	60762
93/1/1/1	2204
93/1/1/2	60303
93/1/2	642
93/1/3	1617
93/3	1617
93/3/3/2	60303
93/4/1	60591
93/4/2	60590
93/ఆ/3	60590
94/అ1	598
94/అ2	60017
94/అ4	500
94/ఆ1/1	598
94/ఆ1/2	60407
94/ఆ2	844
94/ఆ/2	60175
94/ఈ1/1	2744
94/ఈ1/2	2745
94/ఈ1/3	2746
94/ఈ2	502
95/అ/1	45
95/అ/2	60739
96/అ1/1/1/1	45
96/అ1/1/1/2	60739
96/అ1/2	1621
96/అ1/3	45
96/అ1/4	60736
96/అ3	691
96/ఆ1	2727
96/ఆ2	60358
96/ఆ5	1422
96/ఈ	2643
97	271
97/ఆ	1351
98	271
99/2	822
100/1	104
100/ఆ/3	1427
101/1	1220
101/2	1220
102/ఆ1/1	96
102/ఆ1/2	455
102/ఆ2	60357
102/ఇ	455
102/ఈ2	586
102/ఈ3/1	743
102/ఈ3/2	60357
104/అ2	738
104/ఆ/2	826
105/1	642
105/3	653
106/ఆ1	653
106/ఆ2	60643
106/ఆ/2	60760
106/ఆ5	642
106/ఇ1	335
106/ఇ4/2	140
107	1332
108/1	632
108/2	632
108/అ1	347
108/అ3	627
108/అ4	690
108/ఆ2	812
108/ఆ3	632
109/1	2705
109/2	2747
110/1	632
110/అ1/2	632
110/అ2	812
110/అ3	632
110/ఆ	690
111/2	483
111/3	232
111/4	232
111/5	483
112	627
113/అ	2502
113/ఆ2/1	60734
113/ఆ2/2	60735
113/ఇ1/1	231
114	487
115/ఆ/1	951
115/ఆ/2	60730
115/ఇ/1	97
115/ఇ/2	423
116/అ1	662
116/అ2/1	60734
116/అ2/2	60735
116/అ3	841
116/ఆ/1	2502
116/ఆ/2	2193
117/అ1	519
117/ఆ/1	60734
117/ఆ/2	60735
117/ఆ/4	231
117/ఇ/1	2502
117/ఇ/2	2193
117/ఇ2/1	231
118/2	1201
120/అ1/1	2747
120/అ1/2	1812
120/అ/2	60760
120/అ3	60017
120/అ6	60297
120/అ8	60297
120/ఇ	2704
120/ఇ2	2705
120/ఈ/1	1812
120/ఈ/2	60297
121/అ1	2747
121/అ2	60017
121/అ3	598
121/ఆ1	664
122/అ2	1621
122/ఆ	593
122/ఇ1	1115
122/ఇ2	756
122/లు1	671
122/లు2	1095
122/లు4/1	1822
122/లు4/2	60297
122/లు6	1113
123/అ	347
123/ఈ2	743
123/రు	60270
124	2626
125/1/1/1	223
125/1/1/2	60496
125/1/2	1100
125/3	342
125/4	347
126/6	951
126/అ1	1355
126/అ2	423
126/ఆ	1069
126/ఈ1	1355
126/ఈ2	1355
128/అ1	1355
128/అ2	1355
128/ఇ1	1355
128/ఊ	2662
130/అ1	352
130/అ2	591
130/అ3	685
130/ఆ	1168
131/1	394
131/2	266
132/అ1	352
132/అ2	685
132/అ3	591
132/ఆ	1168
133/అ1	685
133/అ2	591
133/అ3	1168
134	685
135/5	1094
135/అ1	352
135/అ2	1113
135/అ6	352
135/ఇ	1096
137/అ1	1113
137/అ5	1094
137/అ6	1104
137/అ7	593
137/ఇ	1096
140/ఆ1	1114
140/ఇ	219
141/అ4	1094
141/అ5	1113
141/అ6	1104
141/అ7	593
141/ఇ1	1114
142/అ4	1094
142/అ6	1113
142/అ7	593
142/ఆ3	60317
143/అ4	60317
143/ఆ4	1094
143/ఆ5	1113
143/ఆ6	1104
143/ఆ7	593
143/ఇ2	1107
143/ఈ2	1107
143/ఈ3	60317
143/ఎ	1104
143/రూ	1094
143/లు	593
143/లూ	1113
144/అ	255
144/అ1	287
144/అ3	1680
144/అ4	237
144/అ5	1200
144/అ6	238
144/ఆ1	664
145/2/1	1644
145/అ2	857
145/ఆ	1194
145/ఇ/1	288
145/ఈ3	676
145/ఈ4	524
145/ఉ	1241
146/ఆ1	412
146/ఆ2	1642
146/ఆ3	826
146/ఆ4	826
146/ఆ5	826
147/1/2	1644
148/ఆ	1241
148/ఇ1	1071
148/ఇ1/1	1084
148/ఇ1/2	1085
148/ఇ3	676
148/ఇ4	524
148/ఈ1	1194
149/అ	1241
149/ఆ3	524
149/ఆ4	676
149/ఇ1/1	51
149/ఇ1/2	60728
149/ఈ1	1194
149/ఈ2	288
150/అ	240
150/ఆ	1241
150/ఇ3	524
150/ఇ4	676
150/ఈ	1194
150/ఉ1	288
151/అ	1758
151/అ1/1	2650
151/ఆ2	60327
152	1425
152/1/1	1644
152/2	60218
152/అ	1158
152/అ/1	2502
152/అ10	52
152/అ10-2	713
152/అ11	1758
152/అ1/1/1	2650
152/అ1/1/2	60411
152/అ12/1	2193
152/అ1/2/2	335
152/అ12/2	93
152/అ13	856
152/అ2	60328
152/అ3	60219
152/అ4	60411
152/అ5/2	1158
152/అ6/1	2508
152/అ6/2	2509
152/అ9	60328
152/ఆ	606
152/ఇ2	1418
152/ఈ/1	60464
152/ఈ/2	2509
153/అ/1	1438
153/అ-1/1	93
153/అ-1/2/1	2193
153/అ-1/2/2	60714
153/అ3	760
153/అ4/1	2502
153/అ4/2	2193
153/అ5	186
153/ఆ1	60329
153/ఇ3	288
153/ఈ3	676
153/ఈ4	524
153/ఉ5	1241
153/ఉ7/1	60714
153/ఉ7/2	60713
154/అ1	694
154/అ2	1104
154/అ3	593
154/ఆ1	1106
154/ఆ2/1	1099
154/ఆ2/2	60666
154/ఇ1/1	60767
154/ఇ1/2	60766
154/ఇ2	1094
154/ఈ/1	1107
154/ఈ/2	60418
154/ఊ/1	60315
154/ఊ/2	60316
154/ఊ/3	60317
154/రు1	1123
154/రు3	823
154/రూ	671
154/లు	2629
155	60269
155/2	1695
155/3	2652
155/అ/1	1161
155/అ/2	60640
155/ఇ/2	1114
155/ఈ2	60132
155/ఉ1	1115
155/ఉ2	60119
155/ఊ	1096
155/ఒ	2646
155/ఓ	1697
155/రు7	639
155/లు	2635
156	1352
156/1	702
156/1-1	1106
156/2	703
156/3	848
156/4	431
157/అ	690
157/ఆ	302
157/ఇ1	60347
158/అ	60447
158/ఇ2	60347
159/అ2	60347
159/ఆ1/1	78
159/ఆ3	60214
159/ఆ/3	329
159/ఆ/4	1478
159/ఇ	421
159/ఉ/1	1309
159/ఉ/2	914
159/ఉ/3	510
159/రు	2626
160	2762
160/అ1/1	2194
160/అ1/2	431
160/అ3/1	2194
160/అ4	764
160/ఆ/3	60169
161/3	60697
161/4	60697
161/ఉ	985
162/2	634
162/3/2	60760
162/4	2771
162/5	1261
164/అ	60697
164/ఆ	60622
165/1	1063
165/1/1	1063
165/1/2	1335
165/2/2	1335
165/3/1	1335
165/4/1	1335
165/5	431
167/9	60460
167/అ1	431
167/అ2	764
167/ఆ2	2762
167/ఈ	1352
167/ఈ4	764
167/ఉ	690
167/రూ	1352
169/అ2/1	1650
169/అ2/2	1352
169/ఆ1	2599
169/ఆ2	349
169/ఇ1/1	431
169/ఇ1/2	60631
169/ఇ3	243
169/ఇ4	764
169/ఈ	690
169/ఉ2/1	1352
169/ఉ2/2	2762
169/ఊ	2195
169/ఏ	2195
169/ఐ	2195
169/ఓ	1352
170/అ	2599
170/ఆ	761
170/ఇ1	690
171/1	702
171/2	513
171/3	302
171/4	761
171/6	243
172	2513
172/1/1	634
173/అ	420
173/ఆ	1480
173/ఆ/1	1480
174/అ1-1	420
174/అ1/1	634
174/అ1-2	682
174/అ2	1480
174/అ-2	1480
174/ఆ/1	1480
174/ఆ/2	1480
174/ఏ	530
176/అ	682
176/అ1/1	634
177/2	1480
178/2	1335
179/2	1261
179/3	634
179/4/2	60360
179/5	2771
179/6	1261
180	60360
180/1	2515
180/3	1480
180/4	2515
180/5	1480
180/6	1434
181	60360
181/3	2515
181/4	2515
181/ఆ/2	1137
182	1434
182/1/1	1261
182/1/2	634
182/1/3/2/1	60760
182/1/3/2/2	60360
182/1/4	2771
182/3	1261
182/4	60360
183/10	748
183/1/1	634
183/1/2	634
183/1/3	634
183/14	1220
183/15	1220
183/16	1137
183/20	1293
183/22	1220
183/5	3082
183/5/1	634
183/5/2/2	140
183/5/3	2771
183/5/4	1261
183/8	60034
183/9	682
183/అ1	2734
183/అ2	2731
183/ఆ/2	1137
183/ఆ3	60124
183/ఆ/3	1005
184/1	1408
184/2	1602
184/ఇ3	1421
185/1	2519
185/2	827
185/ఇ3/1	1421
186/12	1341
186/3	377
186/8	2520
186/9	1210
186/అ6	450
186/ఆ2	1137
186/ఇ/2	1137
186/ఈ	2639
187/11	2513
187/3	720
187/ఆ2	2521
189	255
189/1	1267
189/2/1	60625
189/2-2	692
189/2/2	60465
189/2-3	60719
189/3	1680
189/4	1267
189/5	1035
189/9	60536
189/ఓ	1299
190/1	255
190/2	715
190/3	60537
190/అ1/1	60625
190/అ1/2	60465
190/అ2	692
190/అ3	60719
190/అ4/1	1267
190/అ4/2	530
190/అ5	680
190/అ5/1/1	428
190/అ5/1/2	1680
190/అ6	238
190/అ7	1267
191/1/1	2194
191/1/2	1072
191/అ-1	715
191/అ10	2526
191/అ11	2524
191/అ1-10/1	2194
191/అ1-10/2	60502
191/అ12	1073
191/అ13	1074
191/అ14/1	60625
191/అ14/2	60465
191/అ౧-4/4	60495
191/అ15/1	523
191/అ15/2	1450
191/అ16	2194
191/అ17	2707
191/అ4	1065
191/అ6	1067
191/అ7	1067
191/అ8	1069
191/అ9/2	2710
191/అ9/3	2711
191/ఆ/2/1	1211
191/ఆ/2/2	60764
192	2524
192/2	377
192/3	377
193/అ1	121
193/అ2	738
193/ఆ	945
193/ఆ/1	944
193/ఇ1	394
193/ఇ2	60466
193/ఈ	104
194/అ2	1065
194/అ3	428
194/అ4	1450
194/ఆ1	50
194/ఆ2	738
194/ఆ3	2527
194/ఇ	259
194/ఈ1/1	385
194/ఈ1/2	26
194/ఈ2	121
194/ఉ	1450
195/1-1	333
195/అ2/1	944
195/అ2/2	945
195/అ2/3	966
195/ఆ1	50
195/ఈ2/1	476
195/ఈ2/2	60183
195/ఉ1	385
196/అ1	394
196/అ2	266
196/అ3/1	944
196/అ3/2	945
196/అ3/3	966
196/ఆ1	333
196/ఇ/1	944
196/ఇ/2	945
196/ఇ/3	966
196/ఈ	60183
197/అ/1	944
197/అ/2	945
197/అ/3	966
197/ఆ1	333
197/ఇ/1	944
197/ఇ/2	945
197/ఇ/3	966
197/ఈ	476
198/8	26
198/అ1	26
198/ఆ1	753
198/ఆ/2	1642
198/ఆ2/1	2524
198/ఆ2/2/1/1	2526
198/ఆ2/2/1/2	26
198/ఇ1	1262
198/ఈ/1	944
198/ఈ/2	945
198/ఈ/3	966
198/ఉ1	1262
199/9	1082
199/అ2	1030
199/అ/2	2548
199/అ3-1	950
199/అ4	60344
199/అ5	685
199/అ6/1	944
199/అ6/2	945
199/అ6/3	966
199/అ7	191
199/ఆ2	60466
199/ఆ/2	60451
199/ఆ3	533
199/ఆ4	60462
199/ఇ1	60451
199/ఇ/3	1326
199/ఈ	521
199/ఈ1	1023
199/ఈ2	60451
199/ఉ	1326
199/ఊ	60451
200	1350
200/2	2198
200/4	1380
200/అ/1	26
200/ఆ1	2719
200/ఆ2/1	60435
200/ఆ2/2	60434
200/ఇ/2	2205
200/ఇ5	60462
200/ఈ	685
200/ఈ1	1350
200/ఈ-1/1/1	1450
200/ఈ-1/1/2	60489
200/ఈ-1/2/1/1	60484
200/ఈ-1/2/1/2	60654
200/ఈ-1/2/2	60535
200/ఉ	2619
201/అ	450
201/అ5/1	3002
201/అ5/2	1286
201/అ6	1326
201/ఆ2	60466
201/ఆ3	394
201/ఆ4	26
201/ఆ5/1	944
201/ఆ5/2	945
201/ఆ5/3	966
201/ఇ/1	521
201/ఇ2	60710
201/ఇ/2	60710
201/ఇ3	3002
201/ఈ	653
201/ఈ1	738
201/ఉ3	1292
201/ఉ4	552
201/ఉ6	98
202	522
202/1/1	1361
202/1/2	2719
202/అ1	1030
202/అ1/1	60189
202/అ2	1030
202/అ/2	1262
202/అ3	1326
202/ఇ2	479
202/ఈ	1262
202/ఈ1/2	944
202/ఈ1/3	945
202/ఈ1/4	966
202/ఈ/3	1326
202/ఈ3/1	60601
202/ఈ3/2	60601
202/ఈ4	1326
202/ఏ	533
203	522
203/అ1	1023
203/అ2	738
203/ఆ1-2	450
203-ఆ4	2205
203/ఆ4	60466
203/ఇ/1	944
203/ఇ/2	945
203/ఇ/3	966
203/ఇ5/1	191
203/ఇ5/2	60757
203/ఈ/1	653
204	1292
204/1-1	1292
204/1-2	1292
204/1/3	1292
204/2-1	950
204/4	2769
204/6/1	1292
204/అ2	1292
204/ఉ	1292
204/ఉ1	1292
204/ఏ	824
205/11	60060
205/1-3	950
205/3	1292
205/4	1366
205/7	552
205/8	60060
205/9/2	60060
205/9/3	60689
205/9/4	60690
205/ఆ2	1292
205/ఆ/2	385
205/ఉ2	60689
206	1262
206/అ1	104
206/అ1/1	60535
206/అ2	104
206/అ3	1305
206/ఆ1	1305
206/ఆ/1	1367
206/ఆ2	1262
206/ఆ/3	385
206/ఇ1	880
206/ఇ2	1082
206/ఉ3	1292
206/ఉ4	552
206/ఉ5	1366
206/ఉ7	98
207/అ2	60465
207/అ3	1137
207/ఆ/1	191
207/ఆ/2	60465
207/ఆ3	1136
207/ఆ4	1135
207/ఇ1	848
207/ఇ1-3	1369
207/ఇ2	1505
207/ఇ2/1	1196
207/ఈ	872
207/ఉ3/1	60405
207/ఉ3/2	60398
208/1	2127
208/అ1	60759
208/అ1/1	60759
208/అ2	60462
208/అ2/1	736
208/అ3/1	872
208/అ3/2	60462
208/అ4-1	1271
208/అ4/1	1482
208/అ4/2	60603
208/అ6	60659
208/ఆ1	191
208/ఆ3	1136
208/ఇ1	848
208/ఇ2	2458
208/ఇ2/1	872
208/ఇ3	60638
208/ఇ/3	2769
208/ఈ	60659
208/ఉ/1	60604
208/ఉ/2	60604
209/అ1	1092
209/అ2	428
209/అ/2/1/1	60536
209/అ/2/1/2	60537
209/అ/2/2	60473
209/ఆ1/1	1352
209/ఆ1/2	60436
209/ఆ2	680
209/ఇ	1274
209/ఇ/1	1477
209/ఇ2	1657
209/ఈ	715
209/ఈ3/1	60625
209/ఈ3/2	60465
210	1393
210/1	530
210/2	530
210/3	60322
210/4/1	60321
210/4/2	530
210/5	973
210/ఏ	530
211/1	1041
211/3	1393
211/4	60322
211/5	60321
211/6	1211
211/6/1/1	60625
211/6/1/2	60465
211/7	973
211/ఆ/2	60322
211/ఏ	530
212/1	1041
212/3	1393
212/5	1032
212/ఆ/2	60118
212/ఆ3	60118
212/ఆ/4	60322
213/1	60016
213/13	89
213/2	60482
213/అ1	60501
213/అ2/2	1655
213/అ3	1654
213/అ3-1	1655
213/అ4/1	973
213/అ4/2	60354
213/అ5	1655
213/ఇ	428
213/ఇ2	1449
213/ఇ2/1	89
213/ఇ2/1/1/2	60180
213/ఇ2/1/2	1655
213/ఈ	2790
214/14	1426
214/2	956
214/3	774
214/3/1	60180
214/4/1	60180
214/5/1	60180
215/1	513
215/2/1	774
215/2/2	2717
215/3/1	60180
215/5	1525
215/ఇ3	774
216/అ1	1299
216/అ2	1309
216/అ3	513
216/అ4/2	513
216/ఆ	774
216/ఎ	60641
217/అ1	421
217/అ2	60284
217/అ/2	1657
218/అ1	1657
218/అ2	1449
218/ఆ	1657
219/అ/1	914
219/అ/2	510
219/ఆ	1657
220/ఆ1	60102
221/అ1	513
221/అ౩	421
221/ఆ2	271
221/ఇ	60100
223/ఆ2	271
223/ఇ/1	60102
223/ఇ/2	60103
223/ఇ/3	60102
223/ఈ1	428
223/ఈ1/2	428
223/ఈ2	428
224/ఆ4/1	60103
224/ఇ	60103
224/ఇ౩	421
225/అ	1349
225అ1	1349
225/అ2	1831
225/అ3	1831
225/అ4	1831
225/ఆ	1349
225/ఆ4	2717
225/ఆ5	2717
226/1	1472
226/అ/1/1	60024
226/అ/1/2	973
226/అ2/1	1283
226/అ2/2	60243
226/అ3/1	1368
226/అ3/2	60479
226/అ4	1368
226/అ4/2/1	60479
226/అ4/2/2	1368
226/ఆ2/1	60024
226/ఆ2/2	597
226/ఇ1/1	60024
226/ఈ	60024
226/ఉ	2690
226/ఊ1	597
227/1	536
227/10	403
227/1-1	2521
227/12	616
227/13	593
227/14	2751
227/15	550
227/19	579
227/20	1295
227/21	1295
227/22	2724
227/3	609
227/35	60088
227/4	90
227/48	1349
227/5	256
227/8	2728
227/అ1	2701
227/అ1-1	1288
227/అ2	2760
227/ఉ4	823
227/ఎ/7	2012
227/రు/7	1422
227/లు/7	1209
228/1	701
228/2/1	256
229/2/1	2197
229/2/2	60746
229/ఆ	50
229/ఇ	442
230/అ/1	163
230/అ/2	60396
230/ఆ	442
230/ఇ	60350
230/ఇ1	685
230/ఇ2	50
231/అ	685
231/ఆ	442
232/ఆ	1323
232/ఇ	60350
233/3	2197
233/అ	50
234/అ	60350
234/ఆ	442
234/ఇ	60350
235/ఆ/2	60396
236/ఆ1	60396
236/ఆ/3	60396
237/అ1	60350
237/అ2	832
237/ఆ	50
237/ఆ/3	60396
238/అ2/ఆ2	60350
239/అ	832
241/అ	1362
241/అ1	832
241/ఇ	60396
241/ఈ	60396
241/ఉ/2	524
242/అ	1362
242/అ1	60401
242/ఈ	60396
243/ఆ1	877
243/ఆ2	60401
243/ఈ/1	60401
243/ఈ/2	60338
244	579
245/అ1-2/1	2206
245/అ2	1036
245/అ2/1	1036
245/అ2/2	1036
245/అ3	442
245/అ/3	1478
245/అ4/1	1036
245/ఆ2	60259
245/ఆ2-1	60212
245/ఆ2-2	60212
245/ఆ/3	1478
245/ఆ3/1	1478
245/ఆ3/2	442
245/ఇ	60212
245/ఈ/1	2650
245/ఈ/2	60259
246/అ1	1476
246/ఆ1	1071
246/ఆ1/1	1084
246/ఆ1/2	1085
246/ఆ3	676
246/ఆ4	524
246/ఇ2	970
246/ఈ	1254
246/ఈ1/1	1236
246/ఈ1/2	2699
247/అ1/1	1308
247/అ1-2	1307
247/అ1/2	60414
247/అ2	1236
247/అ3/1	2737
247/అ3/2	60620
247/ఆ3	60090
247/ఇ/1	60734
247/ఇ/2	60735
247/ఈ/1	60734
247/ఈ2	2503
247/ఈ/2	60735
247/ఈ-3	440
248/అ1	1307
248/అ2/1/1/1	2162
248/అ2/1/1/2	2699
248/అ2/1/2	817
248/అ2/2	1817
248/ఆ1	1647
248/ఆ2	1236
248/ఆ3	2737
248/ఇ3	60090
248/ఇ4/1	60734
248/ఇ4/2	60735
248/ఈ	60770
248/ఈ1/1	231
248/ఈ1/2	60770
248/ఈ2	60770
248/ఈ3	2503
249/9	676
249/అ1	1071
249/అ1/1	1084
249/అ1/2	1085
249/ఇ2	970
249/ఈ	1817
249/ఈ1	2699
249/ఈ3	1236
249/ఉ/2	524
249/ఏ	676
249/ఏ1	676
250/అ1	1194
250/ఆ1	1681
250/ఇ1/1	60221
250/ఇ1/2	60213
250/ఇ2	1681
250/ఇ4	676
250/ఇ5	1681
250/ఉ/2	524
251/అ	1194
252/అ2	168
252/అ4	372
252/అ5	886
252/ఆ3	60093
253/అ	1020
253/అ2	2768
253/ఆ1	311
253/ఆ2	2768
253/ఆ4	372
253/ఆ5	886
254/ఆ	1020
255/ఆ	1023
257	910
258/అ	910
258/ఆ	1194
259/అ	1194
259/ఆ1	994
260	2502
260/అ1	910
260/అ5	1194
261/1/1	240
261/1/2	60565
261/2	2650
261/అ1-1/1	910
261/అ1-1/2	60352
261/ఆ	1194
261/ఆ/3	2650
261/ఆ/4	390
262/అ2	1158
262/ఆ1	60728
262/ఈ	1023
263/అ	2193
263/ఆ3	60451
263/ఆ4	875
263/ఆ6	196
263/ఇ	1023
264/అ1	60728
264/ఆ/2	1371
264/ఇ/2	1371
266/1	60728
267	1371
268/1	60209
268/2	1674
268/3	1674
268/అ	1158
268/ఆ1/1/1	1962
268/ఆ1/1/2	60269
268/ఆ1/2	2193
268/ఆ1/3	60342
268/ఆ/2/1	708
268/ఆ/2/2	60341
268/ఆ3	1142
268/ఇ10	886
268/ఇ11/1	888
268/ఇ11/2	60752
268/ఇ12/1	1684
268/ఇ12/2	60222
268/ఇ3	674
268/ఇ6	1674
268/ఇ8/1	60332
268/ఇ8/2	60333
268/ఇ9/1	60475
268/ఇ9/2	1962
268/ఉ	1684
268/రు1	708
269/అ/2	1371
269/ఇ	1023
270/1	2193
272/10	1496
272/2	1193
272/3	886
272/4	403
272/5	311
272/6/1	1685
272/6/2	60683
272/7	372
272/9	60469
272/ఆ/2	60093
273/1	372
273/2	168
273/4	27
273/ఆ	1020
273/ఆ2	60093
274	1674
274/10/1	1143
274/10/2	295
274/12/2	2687
274/13	2687
274/2	1193
274/6	674
274/8	1142
274/9/1	295
274/9/2	60209
274/అ2/2	60224
274/అ3/1/1	700
274/ఆ1	1703
274/ఆ/3	60093
274/ఆ3`	60093
274/ఇ/1	1339
274/ఇ/2	60276
274/ఊ	2687
275/10	585
275/11	700
275/12	709
275/1-2	1206
275/13	293
275/1/3	708
275/1/4	60428
275/15	382
275/17	1686
275/2	2275
275/3	1143
275/5	1142
275/6	1674
275/7	1143
275/8	1338
275/9	60222
275/9/1	888
275/ఆ3	60500
275/ఇ3	60137
275/ఇ4	60137
275/ఊ	1339
275/ఏ/1	1141
275/ఏ/2	60335
276/అ	295
276/ఆ3	60137
276/ఇ	622
276/ఈ	889
276/ఉ	293
276/ఉ4	709
276/ఊ2	1686
277/1	1496
277/2	1496
277/3	168
277/3/1	1452
277/4	1452
277/5	1193
277/6	1496
277/అ-1	1452
277/అ10	1689
277/అ1/1	2275
277/అ12	888
277/అ1/2	60683
277/అ13	1684
277/అ2	674
277/అ5	60323
277/అ9	1447
277/ఆ1	1452
277/ఆ1-2	60656
277/ఆ/2	708
277/ఆ2/1	60657
277/ఈ/2	60323
278	1206
278/1	1206
278/అ1	293
278/అ4	709
278/ఆ	60667
278/ఆ1	341
278/ఆ2	341
278/ఆ7/2	341
279	1206
279/1	1206
279/9	1385
279/అ1	1317
279/అ2	341
279/అ6/2	878
279/అ7	60667
279/ఆ1	293
279/ఆ3	60137
280/అ1/1	60452
280/అ1/2	266
280/ఆ	60452
280/ఆ3	2687
280/ఇ3	889
280/ఈ1	295
280/ఈ2	889
280/ఈ3	23
280/ఈ4	295
280/ఉ	251
280/ఉ3	23
281/అ1	889
281/అ2	60166
281/అ3	23
281/అ4/1	60166
281/అ4/2	596
281/అ5	60025
281/ఇ2	298
282/అ1/1	2275
282/అ1/2	60332
282/అ1/3	60333
282/అ2/1	60332
282/అ2/2	60333
282/ఆ3	886
282/ఇ1	1703
282/ఇ2/1	888
282/ఇ2/2	1962
282/ఇ3	
282/ఉ2	2275
283/1	1693
283/3/1	60334
283/3/2	60332
283/3/3	60333
283/4	1962
283/5/1	2618
283/5/2	60059
283/6	1319
283/ఆ	46
283/ఇ/1	1962
283/ఇ/2	60356
283/ఈ	2633
284	60454
284/1	494
284/2	1698
284/3/1	1348
284/3/2	60119
284/అ2	1695
284/అ4/1	494
284/అ4/2	1698
284/ఆ2	1697
284/ఆ/2	60132
284/ఇ1/1/1/1	2775
284/ఇ1/1/1/2	60444
284/ఇ1/1/2	60440
284/ఇ1/2	60217
284/ఇ1-3/1	505
284/ఇ1-3/2	1156
284/ఇ1-4	1698
284/ఇ1-4/1	494
284/ఇ1-5	1698
284//ఇ1-6	494
284/ఇ1-7	1698
284/ఇ2/2	60464
284/ఇ2/3	60476
284/ఈ2	60450
284/ఈ6	1215
284/ఈ6-1	1216
284/ఉ/1	1348
284/ఉ1/1	1512
284/ఉ1/2	60233
284/ఉ2	1698
284/ఉ/2	60454
284/ఉ/3	60233
284/ఉ6	1114
284/రు1/1	1040
284/రు1/2	60267
284/రు2/1	60622
284/రు2/2	60621
285/ఆ1	60268
285/ఆ2	1695
285/ఆ/2	60132
285/ఆ3	494
285/ఆ3/1	1698
285/ఉ1	1348
285/ఉ2	1512
285/ఊ	494
285/ఊ/1	1698
285/రు2	60450
285/రూ	494
286/అ	494
286/ఆ	1698
287/అ2	596
287/ఆ/1	60311
287/ఆ/2	596
287/ఆ/3	46
287/ఇ	887
287/ఈ1-1	596
287/ఈ1-2	887
287/ఈ2	298
287/ఉ2	52
287/ఉ3	2618
287/ఊ1	612
287/ఊ3	46
287/ఊ5	46
288/అ2	896
288/ఆ	887
288/ఆ3	60059
288/ఇ2	52
288/ఈ	2618
289/1/2/1/2/1	60453
289/1/2/1/2/2	60421
289/1/2/1/3	60421
289/1/2/2/1	60439
289/1/2/2/2	60421
289/అ1	60493
289/అ3/1	887
289/అ3/2	60421
289/అ4	60439
289/అ6	60439
289/అ7	60439
289/ఆ3	298
289/ఆ/3	60421
289/ఇ2	60421
290/అ2	212
290/అ4	594
290/ఆ	363
290/ఆ/3	363
290/ఇ	554
290/ఇ3	60478
290/ఈ1/1	2765
290/ఈ1/2	1322
290/ఈ1/3	60406
290/ఈ2	60147
290/ఊ	898
291/అ1	554
291/అ2	594
291/అ3/1/1	60668
291/అ3/1/2	60669
291/అ3/2	20000508
291/అ4	281
291/అ4/1	363
291/అ5	20000508
291/ఆ1	757
291/ఆ2	212
291/ఆ3	265
291/ఇ1/1	298
291/ఇ1/2	20000508
291/ఇ2	91
292	1004
292/1	1004
292/2	1004
292/అ/1	757
292/అ/2	20000508
292/ఇ	769
292/ఈ	1020
292/ఉ	60409
292/రూ1	1701
293/2	1379
293/4	1122
293/5	1379
293/అ2	2206
293/అ4	2732
293/అ5	2733
293/ఆ1-2	1500
293/ఆ2	554
293/ఇ	757
293/ఒ	2645
293/రు	171
293/రూ	60478
294/అ	2765
294/అ1/1	1322
294/అ1/2	60406
294/ఆ	898
294/ఇ1	171
294/ఇ2	800
294/ఈ1/2	60751
294/ఈ2	547
295/1	512
295/2	1379
295/4	1122
295/అ	891
295/ఈ1	171
295/రూ1	800
295/రూ2/2	60751
295/రూ3	547
295/లూ1	602
295/లూ2	602
296/అ10	1147
296/అ2	1176
296/అ3	69
296/అ3/1	67
296/అ4	855
296/ఆ/1	60446
296/ఆ/2	60445
296/ఆ/3	602
296/ఇ1/1	60445
296/ఇ1/2	60409
296/ఇ2/1	1218
296/ఇ2/2	60649
296/ఇ2/3	60650
296/ఈ	60721
297/1	60429
297/3	823
297/33	1205
297/ఆ3	823
297/ఇ3	51
298/2	60751
298/అ2	547
298/ఇ	309
298/ఇ4	1260
299	1004
299/ఆ	60455
299/ఇ2	60455
299/ఈ1	309
299/ఈ2	261
299/ఈ3	60455
300/ఆ2	2508
300/ఇ1	288
300/ఇ3	51
301/2	175
301/3	1357
301/4	60753
301/అ	601
301/అ1	669
301/అ/1/1/1/1	60383
301/అ/1/1/1/2	60374
301/అ/1/1/2	60488
301/అ/1/2	60295
301/అ4	1129
301/అ/5	60737
301/అ9	1106
301/ఆ1	1114
301/ఆ2	60672
301/ఆ4-1/1	1357
301/ఆ4-1/2	60761
301/ఇ3	756
301/ఈ1/1/1/1/1	1096
301/ఈ1/1/1/1/2	60548
301/ఈ1/1/1/2	60505
301/ఈ1/1/2	60331
301/ఈ1/2	60326
301/ఈ2/1	60617
301/ఈ2/2	60722
301/ఉ3	1163
301/ఊ3-2	1107
301/ఊ4	1128
301/ఊ8/1	60675
301/ఊ8/2	60263
301/ఎ/1	2629
301/ఎ/2	60505
301/ఐ/1	2635
301/ఐ/2	60617
301/క/1	2646
301/క/2	60664
301/లూ	2628
302/ఈ	2617
302/ఉ	2648
303/అ3	1258
303/ఆ1	60422
303/ఆ2/1	60422
303/ఆ2/2	60477
303/ఇ2	60422
303/ఈ/1	2617
303/ఈ/2	1258
303/ఉ2	60122
304/అ/1/1/1	60363
304/అ/1/1/2	2626
304/అ/1/2	60362
304/అ/2	2626
304/ఇ1	60422
304/ఇ2	2626
304/ఈ	2626
305/1	1414
305/అ1	309
305/ఇ	1020
305/ఈ1	1414
305/ఉ	1414
306/1	1414
306/అ	309
306/ఇ	1020
306/ఈ	1414
306/ఉ	1414
307/ఆ	1414
307/ఇ	1414
307/ఈ	2637
308/1/1	60353
308/1/2	1414
308/2	60353
308/8	2637
308/ఆ	1372
308/ఇ1	544
309/1	60353
309/అ1	121
309/అ2	738
309/ఆ1-1	3000
309/ఆ1-2	1297
309/ఆ2	1297
309/ఇ2	906
309/ఇ3	1297
309/ఈ	60265
309/ఉ	60353
310/అ	802
310/ఆ1	1302
310/ఇ	858
310/ఇ1	269
310/ఇ2	830
310/ఈ2	1860
310/ఈ3/1/1	721
310/ఈ3/1/2	1860
310/ఈ3/2	60487
311/ఆ1-2	1259
311/ఆ/3	136
311/ఇ/1	1259
311/ఇ2	86
311/ఇ3	60234
311/ఇ4	524
311/ఈ1	808
311/ఈ2	107
311/ఈ3	610
311/ఈ4	212
311/ఉ1/2	469
311/ఊ	212
311/రు	269
311/రూ2	1860
311/రూ3	721
311/లు3	109
311/లు4	1259
311/లూ1	802
312/అ4	111
312/అ5	1053
312/అ6	610
312/ఆ2	1058
312/ఆ/3	1302
312/ఇ	1302
312/ఇ1-1	469
312/ఈ	2735
312/ఈ1	1188
312/ఉ4	107
312/ఉ9	309
312/ఊ/2	148
312/ఏ	524
312/రూ	899
313/ఆ/1	1218
313/ఇ	172
313/ఈ1	264
313/ఈ2	1023
313/ఈ3	309
313/ఉ	2654
314/1	1467
314/2	60408
314/అ	309
314/ఆ	719
315/అ3	111
315/ఆ	1188
315/ఆ/3	1259
315/ఈ2	689
315/ఈ/2	136
315/ఉ2	524
315/ఊ7	265
315/ఏ	676
315/రు	469
316/అ	1188
316/ఈ1	107
316/ఉ	469
317/1	2316
317/2	508
317/7	469
317/అ2	508
317/అ4/1	666
317/అ4/2	60324
317/ఆ1	109
317/ఆ4	111
317/ఆ/4	1259
317/ఇ	524
317/ఈ1	402
317/ఈ3	508
317/ఉ1	982
317/ఉ2	313
317/ఊ	907
317/ఊ/2	907
317/ఏ/2	524
317/రు5	1302
317/రు9	107
317/రూ1	907
318/అ	1188
318/ఇ1	212
318/ఇ5	60324
318/ఈ	982
318/ఈ2	1194
318/ఉ/7	1259
318/ఊ	907
318/రు	610
318/రూ	1188
319/అ1/1	60447
319/అ1/2	60188
319/అ1/3	60448
319/అ2	1423
319/అ5	60485
319/ఆ1/1	315
319/ఆ1/2	60397
319/ఆ/3/1	315
319/ఆ/3/2	60397
319/ఇ3/1	60188
319/ఇ3/2	60448
319/ఈ	901
319/ఈ2	60125
319/ఊ1	163
319/ఊ2	60324
319/రు2	510
319/లూ	510
320	914
320/2	1371
320/అ1	2503
320/అ2	901
320/అ4	1371
320/అ5	1371
320/ఆ1	2503
320/ఇ	832
320/ఈ1	666
320/ఈ2	1371
320/ఈ3	1371
320/ఉ	914
320/ఉ1	20000508
320/ఉ-1	510
320/ఉ/1	1371
320/ఉ2	510
320/ఉ3	510
320/ఉ/3	1371
320/ఊ	1371
320/ఊ1	914
320/ఊ/1	1309
320/ఊ/4	1309
320/రు1/1	1309
320/రు1/2	1309
320/రు1/3	1309
320/రూ/1	914
320/రూ/2	20000508
321/అ2	109
321/ఆ/2	60160
321/ఇ2-1	1301
321/ఈ/1	982
321/ఈ/2	60163
321/ఉ3	676
321/ఉ4	524
321/ఉ5	907
321/ఊ1-1	9
321/ఊ1/1	109
321/ఊ3	2316
322/అ1	753
322/ఆ	52
322/ఇ1	507
322/ఇ2	333
322/ఈ	802
322/ఈ2	1259
322/ఉ	1330
322/ఊ	212
322/రు	1617
322/రు1	1259
322/రూ	1259
323/ఆ3	604
323/ఆ4	580
323/ఆ5	27
323/ఇ/1	60164
323/ఇ/2	60677
323/ఇ/3	60678
324/అ1/1	1664
324/అ2/1	60293
324/అ2/2	2624
324/ఆ1	60628
324/ఆ2	504
324/ఆ/2	60116
324/ఆ3	60437
324/ఆ/3	60117
324/ఆ/3/1	60162
324/ఆ/3/2	60244
324/ఇ	41
324ఇ1	1117
324/ఇ1-1/1	60164
324/ఇ2	41
324/ఇ3	1664
324/ఇ4/1	1665
324/ఇ4/2	2624
324/ఇ6-1	1003
324/ఇ9/1	1117
324/ఇ9/2/1/1	60519
324/ఇ9/2/1/2	41
324/ఇ9/2/2	60545
325/1/1	638
325/1/2	60483
325/అ10	60516
325/అ12	2759
325/అ4	60504
325/అ4/1	1424
325/అ4/2	1669
325/అ6	1664
325/అ7	60292
325/అ8	60150
325/ఆ	280
325/ఆ5	60134
325/ఇ2/1	840
325/ఇ2/2	60260
325/ఇ3	60516
325/ఈ1	1151
325/ఈ2	840
325/ఉ1/1/1/1	351
325/ఉ1/1/1/2	60304
325/ఉ1/1/4	60256
325/ఉ1/1/5	60257
325/ఉ3	60150
325/ఊ	1151
325/రు	60293
325/రూ	2680
326/6	60289
326/అ2/1	60022
326/అ2/2	60023
326/అ4/1	1025
326/అ4/2	60504
326/ఆ3	1667
327/అ2/1	375
327/అ2/2	60294
327/ఆ2	840
327/ఆ/2	202
327/ఉ/2	446
328/10/1	1861
328/10/2	1025
328/10/3	325
328/10/4	60498
328/11	60314
328/1/1	60704
328/1/2	60718
328/13	383
328/3	60718
328/4	1667
328/5	116
328/5ఆ	1046
328/6	60399
328/6అ	60018
328/7	1046
328/8	383
328/9	1405
328/9-1/1	1024
328/9-1/2	60509
328/ఉ	1027
328/ఊ	2621
330/అ	890
330/అ1	890
331/అ1	1664
331/అ2	1665
331/ఆ1/2	320
331/ఆ3	504
331/ఆ4	506
332/3/2	1052
332/3/3	890
333/1	60018
333/2	392
333/3	1673
333/4	1673
333/6	916
333/7	60712
334/1	916
334/2	60665
334/3	60776
334/6	2627
335/2	1676
335/3	714
335/4	549
335/5	60393
335/6	2627
335/ఆ3	60121
336	40
336/1/6	32
336/అ	1677
336/అ1/1	1835
336/అ1/2	40
336/అ2/1	60474
336/ఇ	1167
336/ఈ	40
337/అ1	1411
337/అ3	60293
337/అ4	60150
337/అ5	60519
337/అ6	60519
337/ఇ1/1	60293
337/ఇ1/2	2624
337/ఇ2	1664
337/ఇ3	60150
408/2	1945
595/అ2-2	60286
559/ఆ	60404
424/ఆ1/1	60126
445/అ	1468
570/అ1/1	1026
524/ఇ1	277
476/ఇ/2	60167
592అ1/2	475
465/ఆ1/1	60255
387	2672
549/అ	2730
337/ఈ-1	1871
592/ఈ5	1298
468/అ8	930
557/5	60686
484/ఉ	199
491/2	1968
469/ఈ1	1673
339/ఆ2	462
584/అ/2	1244
362/3/1/2	60467
551/రు2	2017
540/2-3	1334
513/2/2	60497
539/2	2005
367/ఆ/1/1/1	60239
516/3	43
563/ఆ-3	3574
561/2	60774
352/అ3	1310
575/ఇ1	1078
421/2/1/1	2200
569/అ-2	3574
430/ఆ4/2	60210
344/2	1524
339/ఆ9/2	60490
575/ఆ1	1198
488/2	1431
558/3	60771
485/ఇ	1197
584/ఈ2	1266
568/అ1/1/1	1490
546/ఆ3	2021
545/అ1	2017
589/అ	576
600/అ3	1249
355/అ1	1896
526/3	407
382/ఆ/3	1847
586/ఏ	2638
540/5	2713
553/ఆ2/2	2714
547/అ3/1/2	2777
432/అ	1440
485/ఈ	1608
586/లు/4	60727
492/అ/2	60456
466/ఈ5	60776
485/ఊ	773
585/ఇ10	1201
578/అ3	56
529/ఉ/2	466
469/ఇ-1	1430
546/ఉ	2021
423/2	2675
518/అ/2/1/2	60763
475/ఆ	60582
575/ఆ1/1	1197
592/ఉ/1	60633
589/ఇ2	1958
602/అ3	1249
602/ఆ	1249
362/6	493
371/ఆ1	1699
483/ఈ/1	2049
523	1866
553/అ2	2730
533/5	2001
559/1	843
372/ఆ1	60416
583/అ1	2708
545/ఆ/3	49
589/ఇ1/1	112
359/ఇ	471
472/ఆ2	221
545/అ3	2019
473/3	222
374/అ2	60711
550/ఆ4	1001
558/6	60771
359/అ1	975
557/6/2	60686
578/అ	1428
592/అ4/1	475
390/ఆ5	1374
586/ఊ2	16
584/ఈ1	136
586/ఇ3/2	305
359/ఈ1	167
542/11	659
585/ఇ7	586
461/ఆ4	925
576/ఆ3	2611
569/ఇ2	1078
420/అ/1	60524
590/ఆ4/2	60653
368/అ1	1896
525/అ3	1866
392/ఆ5	1417
519/ఇ	44
419	728
540/ఆ/2	14
484/అ1	1077
338/ఆ3	3421
552/ఈ4	2460
545/ఆ	938
466/1	1199
461/ఈ2	60610
522/ఆ2	37
397/1	60187
485/ఉ2-1	630
339/అ2/1	60734
549/ఆ3	1000
537/అ/1/1/1/2	60388
552/ఇ2	2024
537/అ/1/1/1/1/1	1192
542/8	215
475/ఇ-1	1431
352/ఆ1/1	1896
537/ఇ/2	1192
460/2	84
484/ఆ1	1973
540/2	250
467/2/1/1/2/2	60695
592/ఇ1	60643
393/ఇ3	1544
572/అ1	60588
581/ఈ3	1197
546/అ	112
466/ఈ4	549
485	1244
579/ఆ	56
531/అ/2	60308
534/2	1356
545/ఇ2	2017
430/ఆ3	2766
432/ఆ	1440
451/1/1/1	1045
595/అ3/2/2	1419
350	1874
544/ఆ	1509
343/1	40
392/ఇ2	555
469/ఈ	1473
590/అ2	548
577/అ-2	1197
340/1	3421
592/అ1/1	335
514/అ/2	60546
537/అ3	291
592/అ3/3/1	475
488/ఇ2	1537
511/6/2	60330
567/అ	1077
583/ఇ1/2	1973
558/ఆ1/2	60771
588/ఆ-3	2589
416/2	2200
584/ఇ6	60182
499/1	1230
461	1409
585/ఇ8	2045
468/ఆ/3	1964
475/ఈ/2	60167
508/అ5/1	60223
591/ఆ2	60285
528/ఇ2/1/1/1/1/1/1/2	60258
602/అ-2	1249
467/అ1	60692
583/అ3/2	1973
552/ఈ1	2031
389/3	60373
598/1	766
558/ఈ2	60773
358/అ3	261
583/ఇ1/1	1197
422/1	77
357/ఈ1	261
339/అ4	280
473/1/1	60018
560/ఆ1	2460
467/ఆ/2	60380
562/అ/2/1	3001
497/ఆ2	60041
546/రు1	464
459/రూ	916
462/2/2	60255
470/అ/1	60287
589	1673
472/అ	1325
420/ఆ/2/2	60228
522	2019
508/అ5/2	2755
433/ఇ	60210
337/ఈ1-1	1411
542/1	2011
589/అ1	1673
582/ఆ1	338
595/ఆ1-1	1301
545/ఇ1/1	2018
467/అ2	925
525/అ/1	164
528/ఆ1	60231
405/అ/1/2	60371
472/ఇ2	60413
597/అ2	1936
538/అ1	2003
586/లు/1	60724
553/అ1	1054
555/1	60694
339/అ8	60715
565/5	60014
594/ఆ/2	110
581/ఈ5	1081
515/అ/1	1121
529/అ4	1321
367/ఆ3/1	975
467/ఇ	60399
591అ/10	60754
439/ఇ3	357
367/ఆ5/1/1	106
557/6/1	60774
470/ఆ1/1	1473
351/అ1	60715
590/ఈ2	369
530/3	1356
583	1633
528/ఉ	60230
590/ఉ1	515
464/1	1968
526/ఆ2/3	60578
551/ఉ	2024
551/ఈ3	1481
535/అ/3	60456
595/ఆ	1301
592/ఈ1	515
405/అ/1/1/2	60378
464/2/2	60491
544/ఆ2	1510
590/ఆ3	1466
523/ఇ	277
542/6/2	60532
575/అ1/1	60291
548/అ1	357
472/ఏ1	365
571/1	2459
523/ఇ/2	859
365/1/1	1124
374/అ1	60416
352/ఆ4/1	826
461/అ3/1	60273
561/8	2460
360/ఇ	60688
584	181
338/అ3	60474
453/ఆ/2	30
557/7	60279
354/ఆ2	1309
472/ఆ5	60776
494/1	1468
535	291
557/2/1/1/1	2530
451/1/2	1043
437/ఆ1	1873
354/1	991
515/ఇ	60582
558/అ1	60395
535/2	178
585/ఇ1	1093
485/ఉ1/1	1466
485/ఉ1/2	2700
397/3	714
367/ఆ4/1	478
375/ఈ/1	531
578/ఆ1/1/2	2609
551/అ1	267
453/ఆ/3/3/2	60432
600/ఆ2	2756
481/ఆ2	60014
581/ఇ	60040
528/ఆ2	60231
471/అ2/2	60248
515/ఆ/2	2
467/2/2	60312
586/లు/2	60725
509/ఇ1	1986
461/ఇ1	1965
457/ఈ3	60776
426	1947
588/ఈ3	2049
546/రు/1	1481
562/8	968
362/5/1	134
551/రు3	698
514/అ/1/1	1121
471/అ2/1/1	392
420/ఆ2/1	263
602/అ2	651
520/ఈ	936
585/ఈ2	1608
553/ఆ2/1	2713
542/21/2	60459
525/ఆ/1	164
555/అ3	338
565/అ1	1510
519/అ-1	1430
543	362
558/ఈ1	60773
526/ఆ2/4	60579
586/ఆ/1	2210
468/అ1	60776
551/ఆ2	267
468/అ3	1964
359/అ2	509
565/ఉ2	1510
355/అ2	991
508/అ7	60497
561/అ1	3502
367/ఆ/1/2	60237
568/ఆ1	373
359/ఆ1	459
367/ఆ5/1	106
446/అ1	468
531/అ/1	178
485/ఉ2	526
540/3	527
556/ఉ/2/1	843
380/అ	60282
355/1	1310
605/1/1	60392
471/ఇ1	60156
540/1/3	362
355	1498
451/1/1/2	60627
339/ఆ3/2	60023
590/ఆ5	1131
489/ఉ-1	1431
396/అ	555
511/4	1866
439/5	1945
471/అ	1325
502/అ/1	28
528/ఉ3	1996
466/ఉ1	60018
539/3	2005
520/ఆ7	1511
430/అ	60210
351/అ3/1	1872
528/ఆ/2	1312
459/అ2	392
545/అ2	60705
561	1475
540-2	437
519/1	220
484/అ-1	60510
461/అ	1325
472/ఇ4	60415
337/ఈ3	1871
552/2/1	60277
400	38
551/ఉ2	2017
360/ఈ2	60486
577/అ-1	1973
420/ఆ1/1	728
518/ఉ/1	2718
577/ఇ	1078
468/అ11/2	60521
570/అ3	2110
519/ఈ2	60582
591/A2	12311
592/ఉ/2	60634
393/అ/ఇ4	531
459/ఈ3	1964
369	1896
546/ఆ/4	2021
592/అ3/3/2	335
592/ఊ	190
485/ఇ-11	2708
361/4/1	134
526/ఆ2/1	946
461/అ3	1964
530/4	1356
354/5-1/2	60300
576/ఆ4	1081
482/ఈ/2	537
558/అ5	60395
528/అ2	472
551/ఊ2	698
534/1	291
450/1	351
351/అ3/2	580
471/ఈ2	714
339/అ2/2	60735
594/A	12311
604/ఆ2	651
523/అ-2	2598
339/ఆ3/1	60022
471/ఇ2	221
523/అ3	724
361/అ1	1202
360/అ1/3	60208
459/ఊ1	116
459/ఊ2	60776
434/ఆ1	1873
484/ఇ2	60510
344/1	1524
340	31
580/2	4640
361	1285
534/4	1356
571/అ2	60588
575/ఇ2	1608
562/ఆ4	21
569/ఇ	1198
353/ఉ3	60138
600	651
586/లు/3	60726
518/ఉ	1430
360/ఆ	167
591/ఆ2/2	369
457/ఈ5	470
468/అ9	60156
594/అ/1	60674
527/అ1	2211
582/అ1	56
392/ఆ6	60355
492/ఆ/2	60492
383/2/1/1/1	2721
456/ఇ1	60187
535/ఆ2	2001
339/అ3	224
360/అ1/4	2741
384/2	60343
351/ఇ2/2	412
487/ఈ/2	537
508/ఆ3	60153
372/ఆ3/1	1342
390/అ	1033
466/ఏ1	365
483/ఈ/2	537
577/ఆ/1	56
547/ఆ/1	2022
465/ఆ2/1	60255
378	249
502/అ/2	723
378/అ/1	1847
552/అ2	1481
531/6	722
380/ఆ	249
596/ఆ9	738
417/ఆ/2	2200
390/ఆ3	1854
461/ఆ5	60776
489/అ2	60582
586/ఈ/2	2638
552/ఆ2	267
529/అ	1834
452/అ	1958
556/2/1	60306
370/అ	1896
420/ఆ8	1503
569/అ1/1	1026
389/ఇ/2	1086
542/29	2013
422/2	1946
407/ఆ/2	371
338/ఆ	31
592/ఈ4	1298
540/ఆ	14
565/ఆ	1509
553/అ3	2730
537/అ2	60403
581/ఈ2/2	1198
430/ఆ1/1	2722
465/అ2	1968
586/రు2	742
560/అ3	60279
374/ఆ3	60711
492	178
457/ఇ1	60018
339/అ7	32
450/ఈ	2642
548/ఇ1	77
472/ఆ6	1964
577/ఆ1/2	2611
543/ఈ	1510
483/ఆ/1	60014
556/అ2-1/2	60298
560/ఇ	60404
360/ఈ	459
472/ఈ/2	1965
553/అ4	2655
359/ఉ2/1	60486
513/అ/2	2
577/ఆ2/2	1081
520/ఆ6	60379
485/అ1/1	60506
520/ఆ3/2	60223
589/ఆ1	2589
488/అ1	60582
550/ఆ3	1000
414	263
465/ఆ-2/1	60255
485/ఉ5	630
592/అ4	1131
558/అ4	60395
523/ఆ	724
547/అ1	77
472/అ2/2	365
353/ఆ/1	1309
569/అ7/2/1	60508
552/ఈ3/1/2	60686
550/ఆ2	999
529/ఇ	1994
583/ఈ8	60182
454/ఆ/2	60554
589/ఇ3	1430
596/ఆ4	9
586/ఈ1	2045
591/అ2/2	60285
538/5/2	60365
430/ఆ2	2766
391/ఆ1/1	2749
582/6/1	1633
508/అ4/2	2755
586/ఇ3/1	419
511/6/1	60463
469/ఆ3	273
591/అ1/2	268
410/1	1945
509/ఆ/2	60497
362/4	134
557/2/1/1/2	60694
555/ఇ	2034
404/2	1451
552/ఈ3/2	60277
542/21/1	60458
461/ఇ	1964
605/4	916
482/ఈ/1	2049
521/అ1/2	60427
551/లూ/1	2601
439	263
391/అ4	1854
548/అ2	2022
574/అ1	2058
466/ఈ5-1	60290
419/2/1/1	2200
468/అ5	365
347/అ	40
555/2/1	2530
353/ఈ1	35
392/ఆ3	1086
391/ఆ2/1	263
485/ఇ1/2	1973
507/3	355
392/ఆ2/1	1544
361/4/2	134
576/అ-2	1428
588/ఆ/3	112
417/ఆ	728
502/ఈ	722
605/3	714
509/ఇ2	1986
571/ఇ2	1081
591/అ	1337
367/ఆ6	1844
524/ఆ1	724
602/ఈ2	750
380/ఇ	112
467/2/1/1/2/1	60600
351/అ2	826
370/1	1699
588/ఆ	1430
505/1	60691
424/1/1	727
551/ఈ2	267
485/ఇ1/1	1198
583/ఊ	2040
581/ఈ	1428
571/అ4	5700
465/ఆ/2	1968
528/అ3	1834
586/రూ	742
561/ఆ	60245
562/ఏ	1457
404/1	1873
568/అ1	1489
592/ఆ1/1	1303
466/ఈ2	60392
565/ఆ/3	861
484/అ-2	60510
570/2	2058
365/1/2	60511
568/అ1/1/2	60232
351/ఇ2/1	412
447/అ1	60041
548/ఇ2/2	1403
555/అ1	938
589/1	1252
392/ఆ	2528
537/అ/1/1/1/1/2	60389
586/ఈ1/1	2045
465/ఆ-2/2	60254
542/4	908
558/ఆ1/1/1	60775
493/ఇ1	60382
362/7	60511
529/ఈ	466
556/అ1	60266
484/ఇ6	1017
406/1/2	60349
561/ఆ1/1	1624
456/2/1/1	551
506	60381
407/ఇ	60524
590/అ/6	1131
379	1460
504/ఆ1	583
586/అ/1	60642
588/ఉ	2049
482/అ-1	1431
602/అ4	1249
376/అ	60156
555/ఆ	60039
591/అ2/1/1	110
368/అ2	976
419/2/2	2200
576/అ	1973
449/అ	60597
590/అ4	1958
585/ఇ11	2743
591	1466
439/క1	1945
551/ఇ	1481
553/ఆ-1/2	1398
472/ఆ1	60156
520/ఆ3/3	2755
561/అ6	323
529/ఆ/3	15
485/ఉ3	1017
361/5/3	60513
495	2750
525/ఆ/2	1866
459/రు	549
360/అ4	471
563/ఈ	2616
575/ఆ2	755
366/4	1342
558/5	60771
450/ఆ/1	60035
474/అ	60167
466/ఆ1	60156
477/1	37
478	222
356/అ1	1499
421/2/2	2776
467/3	1409
361/1	1896
456/ఇ5/1	60313
538/2/1	60365
459/అ1	60018
516/1/2	43
471/ఈ3	60290
343/1/1	1524
555/అ5/1	60682
345/అ	40
470/ఆ3	273
558/1	60771
548/ఆ3/1	587
579/అ1/1	1197
339/ఆ8/1/1/2	60371
497/ఇ2	60381
562/ఇ/1	1229
540/6	276
587/అ2	1464
461/ఆ/2	60273
562/అ/2/2	60375
586/ఉ1	155
357/అ3	60478
390/ఇ	1544
544/అ	1509
367/అ1	1118
568/ఈ-1	3574
354/6	214
457/ఈ1	60391
553/ఈ/1	60385
563/అ-3	3574
570	56
573/2	1077
537/అ/1/2	60310
358/అ1	261
471/ఇ5	60776
474/ఆ2	1537
573/1/2	60038
355/7/2	214
456/ఏ	60366
370/2	1699
457/అ1	60692
605/1/2	81
582	181
501/ఆ	1974
570/అ3/1	1490
586/ఆ2	753
535/అ/1	723
594	268
593/ఇ1	1337
526/అ	2211
552/ఆ3	574
449/ఆ1	60035
466/ఇ	81
358/అ2	261
355/అ3/1	1320
419/2/1/2	60663
557/2/1/2	60676
433/అ	1440
392/అ	1854
456/ఆ1	60776
462/2/1	60255
474/రు	537
558/7	2530
474/ఆ/2	60167
575/ఆ3	2611
487/ఆ	60582
590/ఆ4/1	1506
593/అ1/2	60285
352/ఆ2	1642
405/అ/1/1/1/1	371
368/1	1699
544/అ/1	1510
355/అ3/2	60715
489/ఈ-1	1431
577/ఆ1/1	60291
364/3	60416
551/ఇ2	267
392/ఆ1/3	60345
528/ఇ2/1/1/1/1/1/1/1	400
351/ఆ1/1/1	1677
378/ఇ	60156
595/అ4	893
465/ఆ1/2	60254
353/ఇ4	1370
546/ఆ1	464
564/అ1	219
528/అ/4/2/2	60550
337/ఊ	379
397/2/3	1052
535/అ/2	60457
537/ఆ8	2001
356/4/1	1499
567/అ1	1076
425/1	1947
525/ఆ2	164
453/ఆ/3/3/1	1354
512/2	43
395	555
525/ఆ	164
391/అ/2	810
527/ఆ/2	1334
393/అ1	555
482/ఉ	537
467/అ3-1	60273
550/ఆ1	998
361/5/1	1124
527/2/2	60706
416/అ3/1	1945
374/ఆ4	1701
519/ఆ-2	2589
464/2/1	1969
359/ఉ3	459
555/అ5/2	60385
556/ఉ/2/2	60372
527/1	407
538/8	2209
551/ఊ1/1	2018
604/ఆ/2	750
583/ఇ1	1198
352/ఆ3	826
572/ఇ౩	332
521/ఆ1	1982
583/అ2	2708
571/ఈ	1076
467/ఈ	81
397/5	60399
561/6	2460
548/ఇ2/1	2777
507/2	399
452/ఆ	1043
362/2	927
420/అ3/1	60700
562/ఇ/2	60375
459/ఉ	81
525/ఇ1/2	2755
530/2	1353
535/1	291
504/అ	583
473/1/2	60442
416/అ3/2	60271
471/ఇ4	925
474/ఉ	537
416/1	728
466/ఉ4	60290
359/ఉ2/2	60486
538/4	1356
465/ఆ2/2	60254
492/ఇ	1974
558/అ3	60395
383/1	1847
467/ఆ1	60187
592/అ2/1	475
393/అ/ఇ3	60655
466/ఆ4	925
584/అ2	1017
362/3	330
467/ఆ2	60776
391/ఆ1	1033
349/1-1	1252
339/ఇ	2613
566/1	60394
588/అ3	1273
461/ఆ1	1354
472/ఇ1	60156
397/2/1/3	1052
579-2	1428
339/1	741
551/ఆ3	1481
469/ఆ2/1	1473
469/అ1	60287
547/అ2	2021
447/ఆ1	60381
339/ఆ1	1169
391/అ2	1033
595/అ2-3	60286
582/అ	338
528/అ3/3	1996
475/ఈ	537
484/ఇ7	630
466/అ1	60692
551/అ2	267
562/2	2208
602/ఇ	651
588/1	576
582/6/2	1354
569/ఇ1/2	2708
406/1/1/2	60371
420/ఆ/2/1/1	60769
584/అ3	1244
389/అ2	1850
569/అ5	2058
457/ఆ2	714
600/ఈ2	550
453/ఆ/3/2	60673
558/అ2	338
518/అ/1	60582
586/ఈ2	586
508/అ4/1	60223
494/అ	468
603/3	633
529/అ2	1995
525/అ4	1866
421/1	2050
583/ఆ2	60038
601/అ/1	1249
557/అ	2708
493/ఆ2	60041
560/ఉ	85
384/1	2721
446/అ	1468
478/ఆ/2	60167
561/4	2460
507/ఆ/3	60153
470/అ/2	60287
565/ఇ	1510
593/అ1/1	110
525/ఇ1/1	1990
383/2/2/1	60744
565/ఉ1	1510
514/అ/1/2	60547
557/1	60676
547/అ3/1/1	1946
459/ఇ3	60312
472/ఆ4	925
505/ఆ2	60123
474/ఈ-2	1429
467/2/1/1/1	551
569/అ7/1	60515
522/ఇ	936
573/2/1	1526
562/అ	1821
467/ఇ1	573
361/ఆ3	60144
413/1	1945
515/అ/2	60546
552/1	60686
424/ఆ1/2	60127
339/ఉ	2649
356/5	594
391/అ/1	501
550/అ	1054
580/1	12
555/2/2	60694
504/ఇ1	583
338/అ2	548
528/ఆ/4	209
583/ఆ3	1506
564/ఇ/2	60370
583/1	2058
599/అ	4
536/2	60403
352/అ1	1896
362/ఆ3	60135
577/ఆ2/1	2609
587/అ	60652
392/అ2	263
552/ఉ1/1	1491
393/అ	60747
540/2/1	124
542/23	2620
542/22	2013
528/ఆ2/1	60231
586/ఇ1	2743
419/1	2050
565/ఈ	1510
581/ఈ4	1608
473/2/1	624
585/ఇ9	743
518/ఉ2	273
546/ఆ5	2021
379/ఆ	1896
538/ఆ/3	58
540/11-1	2034
552/ఇ2/2	2723
520/ఆ5	350
583/ఈ/1	199
520/ఇ2	54
585/ఆ1	444
545/ఆ/3/1	73
571/అ	60232
542/10	381
583/7	60013
582/7	1633
590/అ1	943
591/అ2/1/2	60285
434/అ3	151
552/2/2	60686
575/ఆ4/1/2	60772
466/ఉ2	392
526/2	407
564/రు/1	79
511/5	43
361/ఆ/3	913
390/ఆ1/2	60472
392/ఆ1/2/1/2	60351
525అ/2/2	725
352/ఆ4/2	106
401/అ	60211
557/8	60279
542/14	2767
557/3	2530
553/ఇ3	949
571/ఆ2/1	2042
353	1310
596/ఇ	212
590/ఉ/3	99
354/3	1088
572/అ2	2459
468/అ11/1	925
543/అ	1509
583/ఈ2	1268
424/ఆ1/3	60128
512/4	1982
578/ఆ1/2	2611
339/ఈ	2641
537/1	291
583/అ	1973
392/ఆ1/1	1854
353/ఉ1	94
434/అ2/2	60390
527/4/1	2782
542/24	2625
551/అ1/1	1481
438/ఆ	537
542/20	1866
456/ఇ5/2	60312
485/అ1/2	567
562/ఈ	2692
505/2	961
540/అ	2714
596/అ1/1/1	3000
602/ఇ7	651
536/ఇ	722
456/ఇ4	714
560/ఆ/2	843
524/అ-1	2598
594/1	188
435/ఆ	1873
473/2/2	392
571/ఆ2/2	2042
600/అ	750
352/అ7	1896
577/అ/2	755
590/అ6	1958
557/9	60279
486/అ	60014
542/30	2685
564/ఆ3	60048
383/2/1/2	60343
484/ఇ-5	199
584/1	958
389/1	726
565/ఉ3	1510
367/ఆ/2	60236
457/ఈ2	60391
361/4	493
339/అ6	280
385	726
468/అ6	1965
468/ఆ2	60273
514/ఈ2	220
354/5-1/1	60300
457/ఇ2	392
548/ఆ3	564
472/ఈ/1	2653
550/ఇ	1360
354/5/1	1310
591/అ3	2040
588/ఉ1	2049
530/8	1356
557/4	2530
507/4	1511
471/ఆ2	1964
552/ఈ3/1/1	2460
425/ఆ	1873
361/5/2	60512
552/ఉ1/2	60307
406/1/1/1/1	60449
472/ఆ3	60415
575/ఆ1/2	1973
456/ఆ2	60391
420/అ1/2	60130
392/ఆ1/2/2	60348
570/అ4	60182
492/అ/3	28
362/ఆ2	60516
469/ఆ2/2	2718
540/అ/1	1192
528/ఇ2/1/2	1834
467/ఇ/2	60273
367/3	2207
519/ఉ	537
590/ఈ	2040
553/ఈ1	267
455/ఆ2	1045
471/అ1/2	60390
528/ఇ2/1/1/1/1/1/2	60225
556/అ2	843
465/ఇ/2	60402
523/ఈ1/2	1406
551/రు1/1	2018
375/ఈ/2	60648
405/అ/2	60349
507/7	1982
518/ఈ	273
357/అ2	212
420/ఆ/3	60227
339/ఆ8/1/1/1/1	60449
587/ఈ3	333
576/అ1/1	1198
567/అ1/1	60394
591/అ4/1	2040
551/ఈ	1491
577/ఆ/2/3	2203
356/అ	1499
471/ఆ2/1	1965
523/ఈ1/1	859
575/ఇ/2	85
484/ఇ-4	60510
420/అ3/3	60699
420/అ1/1	60129
564/ఇ/1	1973
397/2/1/4	890
508/ఇ2	1986
569/ఇ-1	1197
389/4/1	1374
589/ఆ1/1	1429
569/ఈ/2	60772
456/ఇ2	60018
434/అ1-3/1	1363
528/ఇ2/1/1/1/2	466
430/ఆ4	2766
595/అ2-1	816
351/ఆ1/1/2	412
602/ఆ4	651
540/2/3	1336
583/అ3/1	1197
435/1	1873
439/ఐ2	961
538/అ1/1	2003
519/ఈ1	60582
367/ఆ/1/1/2	60238
583/అ3	1198
529/ఆ/2	60274
472/ఇ3	714
341/1	1524
397/4/1	116
364/2	1896
538/5/1	1497
485/ఉ/2	60412
583/ఈ	1268
367/ఆ4/2	1844
337/ఉ	909
510/1	60497
467/2/1/2	60313
461/ఏ1	365
509/ఆ/1	194
364/1	927
492/ఆ/1	82
578/ఆ/3	2611
516/4	43
553/ఈ/2	2655
587/అ1	333
356/3	594
578/ఆ2	1081
542/9	460
592/ఆ	1184
590/అ	2783
360/అ1/2	60208
583/ఉ	2040
558/ఆ2	60773
518/అ/2/2	60283
569/అ6	56
543/ఉ	1510
521/అ1/1/1	1968
553/అ5	267
590/ఇ2	653
592/ఆ1/2	60754
487/ఈ/1	2049
546/ఆ2	464
553/ఊ	2616
466/ఈ3	60776
575/ఆ4/2	1081
552/ఇ2/1	2029
545/అ/1	698
399/1	1873
480	537
579/ఇ2	60395
542/6/1	60531
467/అ	60380
586/ఆ/2	60642
420/ఆ/1	1503
562/ఊ	2693
578/ఆ1/1/1	60291
552/అ1	1481
339	462
377	1847
556/1/2	60266
572/ఆ2	5700
574/అ2/1	1490
486/ఆ3	60014
552/ఇ1	2024
594/4	110
391/ఆ	810
353/ఉ2	35
503/అ/2	723
519/ఇ3	273
600/ఆ1	1187
527/ఆ/3	60157
503/అ/1	28
453/ఆ/3/1	60151
486/అ5	60582
575/అ2	1081
569/ఈ/1	60774
394	2749
575/ఆ4/1/1	60774
367	1498
604/ఇ	264
379/1	112
493/ఈ/2	60153
513/2/1	194
545/ఆ/2/1	59
578/అ-1	1973
445/అ1	468
457/ఆ1	60018
461/ఆ2	221
489/ఉ	1429
485/ఉ	199
451/3	1043
466/ఆ5	60776
485/ఉ-1	199
420/ఆ4	728
548/ఆ1	2023
549/ఆ4	1001
469/అ	1473
383/2/1/1/2	60503
466/ఈ1	81
382/ఆ/2	60282
592/ఉ3	278
562	1475
408/1	1945
520/అ2	37
602/అ/2	651
392/ఆ1/2/1/1	389
405/ఆ	451
504/ఆ2	583
466/అ3/1	60392
430/ఆ1/2	60742
540-1	437
355/3	1310
523/అ1	164
560అ4	2460
527/2/1	712
579/అ1/2	1973
521/అ1/1/2	60433
528/అ1	1312
367/అ4	976
421/2/1/2	1946
473/2/3	60441
481/ఏ	537
584/ఆ1	939
520/ఆ2	60226
595/అ3/2/1	60286
529/అ3	1996
467/1	1199
564/అ	861
583/ఏ	630
519/ఈ/1	60582
476/ఆ2	1537
513/3	43
434/ఆ3	357,60099
467/ఆ3	549
547/అ3/2	1403
567/1	1076
503/ఆ	722
351/ఇ	35
558/ఇ	60775
520/ఆ1	2748
352/ఉ3	60145
487/అ1	60582
338/అ	1677
355/అ5	991
451/2	1044
472/అ1	1964
410	1945
485/ఈ-1	199
586/ఇ4	1277
367/అ3	975
465/అ3	1969
468/1	60692
508/అ1	1866
361/అ/1	134
467/అ3	1964
502/ఏ	178
569/అ7/2/2	60515
585/ఇ3	305
528/ఆ/3	1996
568/ఇ	3574
470/ఆ2	1473
601/ఇ2	651
590/ఇ1	1506
468/అ10	221
545/ఇ	698
581/ఈ1	56
489/ఎ/2	537
592/అ2/2	335
510/2	1982
603/ఆ2	750
546/రు/2	2017
392/అ2/ఇ2	555
586/ఈ	2045
420/అ2	908
357/ఆ	769
571/ఇ1/1	60291
570/1	2058
459/ఊ3	392
356/ఆ/2	60300
554/1	60682
586/ఒ	1277
352/అ5	106
560/ఈ1	60384
519	151
456/ఇ3	392
556/2/2	60296
356/1	975
390/ఆ6	1042
518/అ/2/1/1	54
577/ఆ/2/1	2611
528/ఇ2/2	1995
571/ఇ1/2	2611
367/2	2207
437/అ	1873
489/ఎ/1	2049
453/ఆ1	1044
489/ఇ2	1537
484/అ2	85
585/ఈ1	1973
528/ఇ2/1/1/1/1/2/1	2779
587/ఆ	753
454/ఆ/1	60673
588/అ1	1673
601/ఆ3	750
456/2/2	60312
434/ఆ4	60146
529/ఆ/1	466
558/ఆ1/1/2	60774
352/అ2	1310
556/అ2-1/1	60676
368/ఆ/1	1699
360/అ2	24
467/అ3/2	1965
537/ఇ/1	722
339/ఆ8/1/2	60349
568/ఉ	2616
569/ఆ1/1	373
471/అ3	222
587/అ3	1023
339/ఆ9/1	1342
388	2672
570/అ	2058
392/ఈ	2668
466/ఆ2	221
528/ఇ2/1/1/2	2779
390/ఆ1/1	1850
528/అ/4/1	1834
397/2/2	60704
482/ఆ/2	60014
594/అ/2	60286
557/2/2	60296
551/లూ/2	60301
367/ఆ/3	1699
579/అ1	1198
560	1078
389/6	1086
354/4/1	757
577/అ	1198
374/ఆ2	1701
476/అ	60167
415	60272
585/ఈ3	1081
469/ఆ/2	60287
574/అ1/1	1026
592/ఇ2	1182
346/1-1	1252
549/ఆ2	999
576/ఈ1	2611
420/ఆ/2/1/2	60229
456/2/1/2	60610
529/అ1	1312
359/ఆ2	60486
549/ఇ	1360
528/అ3/1	1312
584/అ4	1244
595/ఆ1	713
412/2	1945
576/అ1	1197
588/ఈ	112
526/ఆ2/2	60577
471/అ2/1/2	60249
596/ఆ6	107
341/2/2	40
501/ఆ1	253
591/ఆ2/1	369
339/ఆ8/1/1/1/2	60378
599	60015
527/4/2	60262
585/అ1	136
468/ఆ/2	60273
526/1	407
397/4/2	60670
530	291
382/ఆ/1	60283
339/2	340
569/ఊ	2698
548/ఆ4	2774
588/ఇ	112
420/ఆ3	2201
573/1/1	60039
586/అ1-3	444
553/ఉ	60038
540/9	177
540	437
484/ఇ4	60182
530/1	1353
529/ఇ/2	209
516/2	43
570/ఆ	2110
588/ఆ/1	1429
589/ఇ2/1	404
406/1/1/1/2	60378
468	60693
548/ఆ2	564
584/ఆ2	444
525	2598
465/అ-1	60402
355/అ7	1896
390/ఆ4	904
562/ఎ	2694
528/ఇ2/1/1/1/1/2/2	60274
362/3/1/1	60467
386/అ	555
433/ఆ	1440
549/ఆ1	998
397	1052
571/ఆ2	2042
423/1	77
528/అ/4/2/1	60305
586/అ1	1277
355/7/1	214
434/అ2/1	60611
504/ఇ2	583
402/ఆ	60211
528/ఇ1	426
356/2	1498
491/3	1002
399/2	38
564/రు/2	1510
538/ఆ1	60365
485/ఈ2	1081
352/1	1310
511/3	399
378/అ/2	60282
582/1	958
554/2	60682
389/4	555
489/ఉ-2	2589
360/అ1/1	60596
488/ఆ3	273
595/అ2	3152
471/అ1/1	60018
590/ఆ	1464
569/ఉ	2616
466/అ3/2	60391
537/అ/1/1/2	60387
459/ఈ	60692
467/ఊ	2647
538/6	60365
519/ఇ2	60758
405/అ/1/1/1/2	60449
402/అ	222
392/ఆ4	1377
584/అ1	567
519/అ-2	1429
575/అ1/2	60741
581/ఈ2/1	1197
462/1	60254
366/3	1342
528/అ4	1834
539/1	2005
485/అ	1077
586/ఊ3	2051
556/1/1	60694
367/ఆ7	1407
558/4	60771
471/ఇ3	60290
383/2/2/2	60743
456/1	1199
457/ఈ4	549
562/1	2208
436/2	1873
576/ఈ2	1081
600/ఉ	1058
