1	2
1/అ	2
1అ	608
1/ఆ	2
1ఆ	397
1/ఇ	2
1ఇ1	671
2/1/1	60193
2/1/2	60191
2/2	1389
3/1/1	60520
3/1/2	60191
3/2	1389
4అ	859
4అ1	859
4ఆ2	322
4ఆ3	859
4ఇ	15024
5/అ/1	1909
5/ఆ/1	1909
5/ఇ/1	1909
5/ఈ	1909
5/ఈ1	1909
5/ఉ1	1909
6/1	1401
6/2	1401
6/3	60336
7/అ	1401
7ఆ	152
7ఆ2/1	942
8/అ/1	399
8ఆ1/1	284
8ఆ2/1	942
9/2	60480
9అ1/1	673
10అ1	528
10అ2	60162
10అ3/1	147
11/1/2	1446
11/1/3	1445
11/1/4	1444
11/1/5	1443
11/ఆ	1
12/అ1/1	60306
12/అ1/2	60307
12ఆ	60307
12ఇ1	60307
12/ఇ2	855
13అ2	60306
13ఆ1	60306
13/ఆ2	855
13ఇ	339
13/ఈ	1449
14-10/1	1151
14/1/1	78
14/11/1	436
14/11/2	60395
14/12	713
14/1/2	60358
14/13	302
14/14	1137
14/15	226
14/18	1533
14-2	226
14/2	1409
14/20	1918
14/22	60681
14/23	1028
14/3	943
14/5	147
14/5/1	78
14/5/2	60357
14/6	78
14-6/1	1028
14-7	1918
14/7	402
14-8	60355
14/8	402
14-9	1151
14/అ2	436
14/అ3	402
14/ఇ/1	1028
14/ఈ	1027
14/ఊ	1412
15	60362
15/11	1921
15/12	1055
15/13	1052
15/2	76
15/4	1400
15/8	1055
15/అ/1/1/1	1821
15/అ/1/1/2	60641
15/అ/1/2	60383
15/అ/1/3	60384
15/అ2	2037
15/అ/2/1	60378
15/అ/2/2	60641
15/అ3/1	1271
15/ఆ11	1460
15/ఆ3	1460
15/ఆ6	1044
15/ఆ7	1462
15/ఇ	60002
15/ఇ2-2/2	2511
15/ఈ4	78
15/ఈ6/1	1821
15/ఈ8	93
15/ఉ	1244
15/ఉ3	1244
15/ఉ/4	1244
15/రు	60002
16/ఆ	347
16/ఆ1	60494
16/ఈ3	347
16/ఈ3/1/1	347
16/ఈ3/1/2	60669
16/ఈ4/2/1	60494
16/ఈ4/2/2	60454
17	1467
17/11/1/1	57
17/11/1/2	60524
17/11/2	60523
17/1-2	60005
17/12/1/1/1/1/1	93
17/12/1/1/1/1/2	60753
17/12/1/1/1/2	60723
17/12/1/1/2	60351
17/12/1/2	60354
17/12/2	60351
17/16	1147
17/17/1/2	4009
17/17/2	4008
17/18	1468
17/19/1	1060
17/19/2	60482
17/21	1059
17/2/2	8002
17/6	1316
17/అ	1825
17/ఆ5/2	7542
17/ఆ5/3	7543
17/ఆ5/4	1938
17/ఈ1	34
17/ఈ/2	8002
17/ఈ3	1043
17/ఈ7	57
17/ఉ1	1468
17/ఉ1/1	34
17/ఉ2	1317
17/ఉ3	1317
17/ఉ4	1149
17/ఊ	1317
17/ఊ1	1316
17/ఊ2	1149
17/రూ1	1244
17/రూ3	1244
17/లు3/1	984
17/లు3/2	60492
18/1	1045
18/10	1460
18/11	435
18/12/2	60488
18/12/3	1028
18/2	1045
18/4	1046
18/5/1/1	1938
18/5/1/2	60348
18/6	975
18/7	1052
18/8	7543
18/9	1144
19	1271
19/1	60458
19/14	1470
19/16	1329
19/18	1921
19/21	76
19/23	1144
19/25	1055
19/4/1	1028
19/4/2	60761
19/4/3	60762
19/4/4	60763
19/5	1460
19/9	60363
19/ఆ/1/1/1/1	347
19/ఆ/1/1/1/2	60809
19/ఆ/1/1/2	60669
19/ఆ/1/2	60655
19/ఆ/2	347
19/ఆ3/1	100
19/ఆ5	34
19/ఇ1	1271
20	719
20/అ	60297
20/అ2	1043
20/ఆ10	1752
20/ఆ5	34
20/ఇ	719
20/ఉ3/1	147
21/అ3	34
21/ఆ1	57
21/ఆ2	93
21/ఆ3/1	1042
21/ఆ4/1	935
21/ఆ6	984
21/ఇ/1	935
22/అ3	34
23/ఆ3	789
24	60346
24/1	1472
24/అ1	1921
24/అ4	76
25/12	1028
25/13/2	4017
25/16/2	15004
25/16/3	8057
25/2	1921
25/3	1057
25/4/1	1057
25/4/2	60722
25/8	60297
25/9	1057
25/ఆ1	430
25/ఆ12	1432
25/ఆ3	60467
25/ఇ10/2	1028
25/ఇ10/2/2	1472
25/ఊ10	1472
25/ఊ11/1	60317
25/ఊ11/2	60316
26/5	1349
26/అ	932
26/అ/10	610
26/అ10/2	313
26/అ3/1	81
26/అ4	290
26/అ7/2	922
26/అ8	474
26/అ9	474
27/10	60297
27/1/2/1	975
27/12/1	60313
27/12/2	60314
27/12/3	60315
27/14	1032
27/7	1273
27/ఆ1	399
27/ఆ/1	60623
27/ఆ2	60013
27/ఆ/2/1	60318
27/ఆ/2/2	1479
27/ఆ/3	60622
27/ఇ1	529
27/ఈ1	60671
27/ఈ2	60297
27/ఈ3	719
27/ఈ4	975
27/ఈ6/2	4017
27/ఉ1	1029
27/ఉ4	976
27/ఊ	719
27/ఊ1	906
27/ఊ2	60671
28/14	1132
28/2	529
28/7/2	2515
28/8	1478
28/అ	1432
28/అ/2/1/1	60650
28/అ/2/1/2	60474
28/అ/2/2	60389
28/అ4	1273
28/అ5	1039
28/అ6	60414
28/ఆ	1021
28/ఆ1/1	60671
28/ఆ1/2	60671
28/ఆ3/2	4018
28/ఆ4	1056
28/ఆ5	399
28/ఆ6/1	1040
28/ఆ6/2	60209
28/ఇ1	1034
28/ఇ3	529
28/ఇ4/1	56
28/ఇ4/2	60724
29/10/1	1479
29/10/2	60308
29/10/3	60309
29/10/4	60310
29/4	1480
29/అ1/1	56
29/అ1/2	60801
30/అ	610
30/ఆ	610
30/ఇ1	60532
30/ఇ4/1	60532
30/ఇ4/2	60531
31/అ1	1374
31/అ2	54
31/ఆ1	1090
31/ఇ	1090
31/ఈ	611
32/1	134
32/అ/1	1090
32/ఆ1/2	4019
32/ఆ2	1090
32ఇ	60247
32/ఇ2	1335
32/ఇ3	60247
32/ఇ4	722
32/ఈ	722
32/ఈ1	60840
32/ఈ2/1	60274
32/ఈ2/2	1161
32/ఉ	401
32/ఉ2	239
32/రు	60339
33	60490
33/1	654
33/అ1	530
33/అ2	530
33ఆ	60247
33/ఆ1/2	530
33/ఆ2	530
33ఆ2	60247
33/ఇ/2	4019
33/ఉ	530
33/ఉ1	530
33/ఉ/1/1	1161
33/ఉ/1/2	1161
34/అ-1/1	950
34/ఆ1	1092
34/ఆ2	1092
34/ఇ2/2	950
34/ఈ/1	1256
34/ఈ/2	60519
35/అ1	1949
35/అ2	675
35/ఆ1	1007
35/ఆ2	1006
35/ఆ3	1484
36/అ4	2000
36/ఆ1	2000
36/ఆ2	2000
36/ఆ3	2000
36/ఆ4	2001
36/ఇ1	858
36/ఇ4	858
37/1	654
37/అ	60342
37/ఆ	60342
37/ఈ1	530
37/ఈ3	1001
37/ఉ2	239
38	1001
38/1	2400
38/2/1	1001
38/2/2	246
38/అ	60342
38/ఆ	1485
38/ఆ1	239
39	239
39/1	2400
39/అ1	403
39/ఆ2	865
39/ఆ4	865
39/ఇ1	239
39/ఇ/1/1	401
39/ఇ/1/2	691
39/ఇ2	865
39/ఇ/2	60343
39/ఉ/1	401
39/ఉ/2	4007
39/ఊ1	1485
39/ఊ2	1485
39/ఊ3	1101
39/ఊ4	1001
40/2	1222
40/అ/1	60569
40/అ/2	60570
40/అ/3	60571
40/ఆ	59
40/ఇ	478
40/ఈ	366
40/ఉ	157
40/ఊ/1/1	401
40/ఊ/1/2	366
40/ఊ/2	4007
40/రు	1242
40/రు-1	59
40/రూ	1485
40/రూ1/1అ	2003
40/రూ1/1అ1	246
41	332
41/1	332
41/2	60814
41/3	1101
41/4	1101
41/5	172
41/6/1	60337
41/6/2	8053
41/అ1	239
41/అ3	157
41/ఆ1	348
41/ఆ2/1/1	60237
41/ఆ2/1/2	60236
41/ఆ2/2	60235
41/ఆ3	348
41/ఆ4	403
41/ఆ5	403
41ఆ7	292
41/ఆ8	884
41/ఈ1	1090
41/ఈ/1	1145
41/ఈ/2	60822
41/ఉ1	1487
41/ఊ	59
41/ఊ1	1487
41/రూ4/2	348
42	332
42/1	60180
42/1/1/2	1860
42/1/1/3	325
42/5	172
42/అ	62
42/అ1/1/1	60248
42/అ1/1/2	1860
42/అ1/2	1860
42/అ1/3	1861
42/ఇ	60470
42/ఉ2	1487
42/రు	974
42/లు	974
43	62
43/1	60180
43/6	1545
43/అ1	974
43/అ2	974
43/అ3	974
43/అ5	479
43/ఆ1	2033
43/ఇ	60470
43/ఈ2	2033
44	1053
44/2	1054
44/3	1390
44/4/1	1249
44/4/2/1/1	698
44/4/2/1/2	60782
44/4/2/2	60781
44/5	796
44/6/1/1	60418
44/6/1/2	60417
44/6/2	60405
44/8/2	8001
44/9/1	60792
44/9/2	60793
44/అ	330
44/ఆ	1150
44/ఆ/2	60470
44/ఈ/1	1051
44/ఈ/2	1153
44/ఈ/3	684
44/ఉ1	684
44/ఉ2/1/1	1153
44/ఉ2/1/2	60734
44/ఉ2/2	60727
44/ఊ	684
44/రు/1	1051
44/రు/2	684
45/1	313
45/2	313
45/అ	974
45/అ/3	922
45/ఆ1	922
45/ఇ	610
45/ఈ1/1	81
45/ఈ1/2	60183
45/ఉ	288
45/ఊ-2	474
45/రు	288
46/అ1/1	914
46/అ1/2	1446
46/అ1/3	1445
46/అ1/4	1444
46/అ1/5	1443
46/అ/2	710
46/ఆ2	1074
46/ఆ3	61
46/ఆ4/1	60712
46/ఆ4/2	60692
46/ఆ5	1114
46/ఆ7	326
47/1	1454
47/2	681
47/3	3201
47/4	1836
47/అ	3201
47/ఆ2	60227
47/ఆ3/1	60227
47/ఆ4	1836
47/ఇ	1836
47/ఇ/1	1836
47/ఇ1-1/1	1836
47/ఇ2	60834
47/ఇ-4/2/1	102
47/ఇ-4/2/2	60227
47/ఈ	60092
48/అ/1	3201
48/అ/3	3201
48/అ5	681
48/ఆ4	1824
48/ఇ/2	3201
48/ఇ2/1	60690
48/ఇ2/2	60691
48/ఈ1/1	406
48/ఈ1/2	1501
49/అ1	681
49అ1	60593
49/అ2/1	681
49/అ3	3201
49/ఇ2/1	60690
49/ఇ2/2	60691
49/ఈ2	616
50/అ1	888
50/అ2	1495
50/ఆ	888
50/ఆ2	1814
51	60447
51/1	2587
51/1/1	2587
51/3	1238
51/6	1951
51/అ	60733
51/అ1/1/2	2569
51/అ1/2	2587
51/అ/2	60732
51/అ3/2	2569
51/ఆ	2569
51/ఇ2/1	60690
51/ఇ2/2	60691
51/ఇ3	888
51/ఈ1	1100
51/ఈ2	1072
51/ఈ3	60092
51/ఉ3	3201
51/ఉ5	60447
52/అ/1	60708
52/అ3/1/1/1	987
52/అ3/1/1/2	60303
52/అ3/1/2	1501
52/అ3/2	60303
52/అ4	848
52/అ5	848
52/అ6	848
52/అ/6	1814
52/అ7	297
52/అ8	848
52/ఆ	1501
52/ఆ3	848
52/ఆ/3	40
52/ఉ	848
52/రు1	1502
52/రు2/2	60708
53	60189
53/అ	60446
53/అ1	1836
53/అ10/1/1	60384
53/అ10/1/2	60378
53/అ4	1836
53/ఆ/2	195
53/ఇ1	1824
54	60446
54/2	1507
54/అ1/1	1263
54/అ1/2/1	60530
54/అ1/2/2	60529
54/అ2	1105
54/ఆ2	60165
54/ఇ/2	7560
54/ఉ	1263
55/అ1/1/1	60530
55/అ1/1/2	60529
55/ఆ/1	60165
55/ఆ2	894
55/ఆ/2	60165
55/ఇ	1263
55/ఈ	1507
56	1104
56/అ2	60262
56/అ3	1496
56/ఆ1/1/1/1/1/1	535
56/ఆ1/1/1/1/1/2	60599
56/ఆ1/1/1/1/2	60599
56/ఆ1/1/1/2	60300
56/ఆ1/1/2	60300
56/ఆ1/2	2012
56/ఆ2	535
57	60128
57/అ1/2	1105
57/అ2	7560
57/అ3	1022
57/అ4/2	1105
57/ఆ/3	1105
57/ఇ1	1249
57/ఇ2	60165
57/ఇ/2	1105
57/ఈ1/1/1/1	1104
57/ఈ1/1/1/2	60530
57/ఈ1/1/2	60128
57/ఈ1/2	60529
57/ఈ2	35
57/ఉ1	60128
58	60128
58/అ	1427
58/ఆ	1427
58/ఇ	1313
58/ఈ1	1249
58/ఈ3	60128
58/ఉ	60128
58/ఊ1	1104
58/ఊ3	1403
58/రు	2034
58/రూ	1512
59/2/1	1242
59/అ1	1242
59/ఆ	15037
59/ఆ1	1099
59/ఇ	1242
59/ఈ1	1242
59/ఉ1	922
59/ఊ/1/1	732
59/ఊ/1/2	60485
59/ఊ/2	60479
59/ఏ2	1513
59/ఏ3	1242
59/ఏ4	347
59/ఏ5	1514
59/ఐ	734
59/ఒ	1242
59/ఓ1	204
59/లు-1	683
59/లు-3	683
59/లూ	683
59/లూ-1	683
59/లూ2	1512
60/20	734
60/అ	1512
60/ఆ	735
60/ఇ	951
60/ఈ2	902
60/ఉ	735
60/ఉ1	1403
60/ఉ3	535
60/ఊ2	735
60/రు1	60250
60/రు2	60228
61/అ1	52
61/అ2/1/2	7561
61/అ2/2	8021
61/ఆ1	52
61/ఆ2/1	956
61/ఆ2/2	8021
61/ఆ3	898
61/ఆ4/1	485
61/ఆ4/2	60786
63/అ1	60349
63/అ2	955
63/అ3	60786
63/ఆ	60788
64/అ	4019
64/ఆ/2	4019
65/అ	60704
65/ఆ2	1256
65/ఆ-2	1256
65/ఇ2	2400
65/ఇ-3	247
66/అ	1521
66/అ1	1513
66/అ1/1	1513
66/ఆ	1521
66/ఆ3	776
66/ఇ-1	60705
66/ఈ/1/1	950
66/ఈ/1/2	60705
66/ఉ1	1256
66/ఉ2/1	776
66/ఉ2/2	1256
67	957
67/2	1513
67/అ	955
67/ఆ	898
67/ఇ	1512
67/ఈ	60349
67/ఉ	683
67/ఊ	1513
67/రు	60349
68/అ1/1	957
68/అ4	957
68/అ/4/1	955
68/అ4/1	60843
68/అ/4/2	957
68/ఆ1	898
68/ఆ/2	955
68/ఇ1	955
68/ఇ2	60349
68/ఇ3	485
69/అ	996
69/అ1	554
69/ఆ1	898
69/ఆ/1	60843
69/ఆ4	898
69/ఆ5	554
69/ఆ6	60455
69/ఆ7	485
70/అ/1	951
70/అ/2	902
70/ఆ	902
70/ఇ	734
70/ఈ	734
70/ఉ/1	60233
70/ఉ/2	60232
70/ఊ	60233
70/రు	60250
70/రూ	60233
71	1578
71/1	168
71/1/1/1	60153
71/1/1/2	60152
71/2	180
71/అ	60228
71/ఆ	1366
71/ఆ/1	60233
71/ఈ1	831
71/ఈ2	768
71/ఉ	109
71/ఊ2	407
71/ఎ	487
71/ఏ1	736
71/రు1	1366
71/రు2	487
71/రు4	1365
71/లు1	1022
71/లు2	487
71/లు4	1081
71/లు-6	407
72	1578
72/1	180
72/అ2	227
72/ఆ1	737
72/ఆ1-1	831
72/ఆ3	1366
72/ఆ4	487
72/ఈ	178
72/ఈ1/1	60250
72/ఈ1/2	60228
72/ఈ2	1266
72/ఉ1	1019
72/ఊ	1084
73/1	1100
73/1-1	1578
73/2	1255
73/3	355
73/4	168
73/5	1100
73/7	1440
73/8	60708
73/అ/1/1	897
73/అ/1/3	60708
73/అ/2	60572
73/అ8	356
73/ఆ	697
73/ఆ1	355
73/ఆ20	741
73/ఆ21	15034
73/ఆ23	60020
73/ఆ3	356
73/ఆ4	738
73/ఆ6/1	1189
73/ఆ6/2	60627
73/ఆ9-1/2	1072
73/ఆ9-3	749
73/ఉ3	60010
74	1100
74/అ1	15007
74/అ1-1	1531
74/అ/2	1100
74/అ2/2	1084
74/అ3/1	1100
74ఆ	60447
74/ఆ2/1/1/1	1084
74/ఆ2/1/1/3	60708
74/ఆ2/1/2	897
74/ఆ3	72
74/ఆ5/1	929
74/ఆ5/2	60468
74/ఇ1/1	1084
74/ఇ2	109
74/ఇ-3	1502
74/ఈ/1	1084
74ఉ	60447
75	463
75/అ/1	60521
75/ఆ/1	1084
76/అ	742
76/అ1	1084
76ఆ	60447
77/అ1	305
77/అ2	305
77/ఆ1	109
77/ఆ2	109
77/ఆ3	109
77/ఆ4	109
78/2	168
78/3	948
78/5	869
78/6	72
78/అ1	1532
78/ఆ1	831
79/1	1537
79/2	306
79/3	15031
79/4	558
79/4/1	1920
79/4/2	60213
79/అ1/1	869
79/అ1/2	2806
79/అ2	1532
79/అ2-1	72
79/అ2/1	490
79/అ2/2/1	1531
79/అ2/2/2	831
79/అ4	1827
79/ఈ3	1537
79/ఈ5	15031
79/ఈ6	60554
80	1532
80/అ1/1	2806
80/అ2-1	72
80/అ2/1	1531
80/అ2/2/1	869
80/అ2/2/2/1	490
80/అ2/2/2/2	60329
80/అ3	558
80/అ4/1	1920
80/అ4/2	60213
80/అ6	1827
80/ఆ	60554
80/ఇ1	306
80/ఇ2	15031
80/ఇ3	1537
80/ఈ2	15031
80/ఈ3	1537
81	1187
81/1	1590
81/2	940
81/4	750
81/5	750
81/అ/1	1176
81/ఆ1	201
81/ఆ2	60242
81/ఆ3	570
81/ఆ/3	940
81/ఇ-1	744
81/ఇ2	1240
81/ఈ	162
81/ఉ	15005
81/ఊ	60758
81/రు/1	1871
81/రు/2	1217
81/రు/3	1872
81/రూ1	619
81/రూ2	15007
82	1540
82/1	2569
82/3	2587
82/4/1	460
82/4/2	60842
82/అ1	1253
82/లు	552
83	1544
83/2	2010
83/4	293
83/5	294
83/6	155
83/7	1294
83/8	2021
83/అ1/1	1550
83/అ2	750
83/అ3	1003
83/ఆ2	1314
84	1552
84/1	1553
84/2	1554
84/3	556
84/అ3	748
84/అ4/1	749
84/అ5/1	1555
84/ఆ2	1016
84/ఆ-3	1162
84/ఆ4	1556
84/ఆ-5	1122
84/ఆ-6/1	1121
84/ఆ-6/2	2009
84/ఆ8	1119
84/ఆ-9	1557
85	60644
85/1	751
85/2	155
85/3	2021
85/5	1440
85/6	1440
85/7	1437
85/8	2010
85/అ3/1	1920
85/అ3/2	202
85/అ4	66
85/ఆ	738
85/ఆ2	357
85/ఆ3	624
85/ఆ4	355
85/ఆ5	408
85/ఆ6	356
85/ఇ2	1091
85/ఇ3	1294
85/ఇ6/1	1560
86	293
86/2	1340
86/2/1	1314
86/2/2	1340
86/అ1	741
86/అ2	293
86/అ3	60663
86/అ4	1437
86/అ4/1	1003
86/ఆ2	408
86/ఆ3	356
86/ఆ4	738
86/ఆ5	357
86/ఆ6	624
86/ఇ1	1561
86/ఇ2/1/1	1325
86/ఇ2/1/2	60643
86ఇ3	1561
86/ఇ5	751
86ఇ6	165
87	165
87/2	1294
87/3	1573
87/ఆ2	968
87/ఆ/3	1294
87/ఆ4	1563
87ఇ	1562
87/ఇ4	165
87ఈ1	355
87ఈ2	408
87ఈ3	356
87ఈ4	738
87ఈ5	357
87ఈ6	624
87/ఉ1	338
87ఉ3	1109
87ఊ2/1	1314
87/ఊ5	2021
87రు2	183
87రు3	1565
87రు4	1566
87రు5	1567
87/రూ1	751
87/రూ4	751
87లు2	165
87లు3	1561
87లు6	165
88/1	293
88/2	294
88/4	338
88/6	1947
88/8	60199
88/9	2010
88/అ1	355
88/అ/1/2/1	60568
88/అ/1/2/2	60449
88/అ2	408
88/అ3	356
88/అ4	738
88/అ5	357
88/అ6	624
88/ఇ1	1177
88/ఈ	689
88/ఉ	1570
89/2	168
89/అ1	894
89/అ1/1	689
89/అ2	897
89/అ3	1540
89/అ4/1	309
89/అ4/2	940
89/అ5	60242
89/అ6/2	940
89/ఆ/1	689
89/ఆ3	60010
89/ఆ/5/1	1253
89/ఇ2	688
89/ఇ3-1	688
89/ఈ1	752
89/ఈ2/1	60737
89/ఈ2/2	60738
89/ఈ2/3	60739
89/ఈ2/4	60748
90/1	1573
90/2	1573
90ఆ1/1	1573
90ఆ1/2	8036
90ఆ2	60659
90/ఆ3	72
90ఆ3/2	8036
91అ/2/1	60120
91అ/2/2	60107
91ఆ1	60120
92అ1	608
92అ2	397
92అ3	608
92ఆ1	1575
92ఆ2	1388
92ఆ3	1576
92ఆ4	1577
92ఈ/1/2	60107
92ఈ/2	60107
93అ2/1	922
93/అ3	323
93/ఈ2	432
94/1	432
94/అ1	60126
94/అ2	736
94/అ3	412
94/ఆ	109
94/ఇ1-1	479
94/ఇ2	60126
94/ఈ2	1081
94/ఉ1	109
94/ఊ	109
94/రు	109
94/రూ1	109
95/1/1	1806
95/1/2	1870
95/2	160
95/3	1815
95/4	1815
95/5	1807
95/6	60491
95/7	412
95/అ	1322
95/అ1/1/2	60120
95అ2	412
95అ4	413
95/అ5	1578
95ఆ2	1081
95ఆ3	412
95ఆ5/1/1	60799
95ఆ5/1/2	1870
95ఆ5/2	60323
95ఆ6	1573
96/1	145
96/4	1923
96/అ	413
96/అ1	15002
96/అ-1	1322
96/అ2/1	1580
96/అ2/2	60134
96/ఆ	1578
97/1	145
97/2	160
97/అ1	1526
97/అ2	1107
97/ఇ-1	689
97/ఇ-2	1580
97/ఈ1	1582
97/ఉ1	60176
97/ఎ	1177
97/రు/2	2510
97/రూ	1570
97/రూ1	477
97/లు1	1081
97/లు2	60471
98	1190
98/1	1190
98/1/1	1190
98/2	895
98/3	60265
98/4	1806
98/5	1807
98/అ2/1	1227
98/అ2/2	1347
98/అ2/3	60517
98/అ3/2	1122
98/అ3/3	60838
98/అ3/4	1557
98/ఆ1	214
98/ఆ2/1	15021
98/ఆ2/2	60345
98/ఇ1	60003
98/ఇ-2	15028
98/ఇ-3/1/2	4011
98/ఇ-3/2	4010
98/ఉ2	9
98/ఉ3	953
98/ఉ4	953
98/ఉ5	463
98/ఉ6/1	143
98/రూ1	9
98/రూ2	953
98/రూ3	953
99/1	60625
99/ఆ	477
99/ఆ1	1586
99/ఆ2	550
99/ఆ2/1	1177
100/1	1642
100/3	60269
100/4/1/2	940
100/4/1/3	1555
100/4/2	941
100/5	355
100/6	1923
100/7	589
100/8	1557
100/అ1	556
100/అ2	748
100/అ3	749
100/అ4	741
100/అ5	949
100/అ6/1	1278
100/అ6/2/1/1	1800
100/అ6/2/1/2	60841
100/అ6/2/2	60839
100/ఆ1	1117
100/ఆ/1	769
100/ఆ2	202
100/ఆ/2	4001
100/ఆ3	769
100/ఇ1	934
100/ఇ2	303
100/ఇ-3	4002
100/ఇ-5	1589
100/ఈ	1590
100/ఉ1	1578
100/ఉ3	1115
101	1436
101/1	60283
101/అ1	60283
101/ఆ/2	60471
101/ఇ	60621
101/ఇ/2	60284
101/ఈ2	1570
102/1	1809
102/2	160
102/4	1923
102/6	1947
102/8	60199
102/ఆ/1	110
102/ఆ/2	60382
102/ఇ	1578
103	1365
103/1/1	180
103/2	1578
103/5	1923
103/8	60199
103/9	60199
103/అ	60284
103/ఆ1/1	60471
103/ఆ1/2	60471
103/ఆ2	412
103/ఇ/1	1291
103/ఈ	60283
103/ఊ1	1081
103/రూ2/1	60270
103/రూ2/2	60267
103/లు	1366
103/లూ1	1870
103/లూ2	736
104/అ/1	1291
104/ఆ1	683
104/ఆ2	60342
104/ఆ3	478
104/ఆ4/2	4007
104/ఆ5	691
104/ఆ6	60457
104/ఇ	60457
104/ఈ	60457
104/ఉ1/1	1291
104/ఉ2	407
105	1086
105/అ1/1	1291
105/అ2/1	1086
105/అ2/2	416
105/ఆ	1175
105/ఇ	60764
105/ఈ1	60765
105/ఈ2	60765
105/ఈ3	692
106/1	301
106/2	301
106/అ1	60765
106/ఆ1	1599
106/ఆ2/1	955
106/ఆ3	955
106/ఆ/3	955
107	1804
107/అ6	1233
107/ఆ3	1233
108/1	1804
108/2	563
108/9	1095
108/అ1/1	1521
108/అ1/2	1513
108/అ3	693
108/అ5	1233
108/ఆ1	693
108/ఆ3/1	1002
108/ఆ3/2/2	2022
108/ఆ3/2/3	2023
109	563
109/1	563
109/2	2022
109/ఆ1/2	1002
109/ఆ2	2023
110	1141
110/11	1427
110/1/1/1	1223
110/1/1/2	60845
110/1/2	60844
110/అ2/1/1	1002
110/అ2/1/2	60694
110/అ2/2	60695
110/అ2/3	60694
110/ఆ-2	257
110/ఆ3	2023
110/ఆ-3	257
110/ఇ-2	256
110/ఈ-4/1	392
110/ఈ-4/2	60794
110/ఉ-1/1	1141
110/ఉ-1/2	1139
110/ఉ3	256
110/ఉ-3	15029
110/ఉ-4	637
110/ఉ/4	1427
110/ఉ/5	256
110/ఉ/6	256
110/ఉ-7	257
110/ఉ/7	257
111/1	763
111/2/1	763
111/2/2	60637
111/3/1	763
111/3/2	1411
111/4	60186
111/ఆ1	144
111/ఆ3	637
112/1	1429
112/2	1429
112/3	1430
112/అ1	1384
112/అ1-1	1592
112/ఆ1	60017
112/ఆ1-1	60017
112/ఆ/2	60640
112/ఆ3	759
112/ఆ4	759
112/ఇ1	8023
112/ఇ2	900
112/ఇ-2	900
112/ఇ3	343
113/1	60296
113/3	60640
113/4	60169
113/అ1/1/1	60312
113/అ1/1/2	343
113/అ1/2	343
113/అ3/1	312
113/అ3/2/1	60340
113/అ3/2/2	343
113/ఆ1	900
113/ఆ2	8023
113/ఆ3	60170
113/ఇ1	900
113/ఇ-2	60736
114/1	1429
114/2	1429
114/3	1223
114/5	1430
114/6	1430
114/7	60385
114/8	1430
114/అ/1	392
114/అ/2	392
114/ఇ1/1	499
114/ఈ3	499
115/ఆ2	392
115/ఇ	630
115/ఇ1	60385
115/ఇ2	515
115/ఇ3	527
115/ఈ/1	111
115/ఈ/2	60477
115/ఉ1	2017
115/ఉ3	60751
115/ఉ4	15006
116/1	15006
116/5	2017
117	1594
117/1	1237
117/అ2	2016
117/ఆ1	60312
117/ఆ/3	312
118	60736
118/అ-1	1275
118/అ1/2/1/1/1	60654
118/అ1/2/1/1/2	60525
118/అ1/2/1/2	60647
118/అ1/2/2	8023
118/ఆ1	1594
118/ఆ1/1/1	564
118/ఆ1/1/2	60174
119/అ2	60654
119/అ3	60654
119/ఇ	60736
120/1	1943
120/అ1/1/1	1595
120/అ1/1/2	60648
120/అ1/2	8023
120/ఆ1/1/1	1596
120/ఆ1/1/2	60174
120/ఆ1/2	60170
120/ఆ2	8023
120/ఆ2/1	60017
120/ఇ1/1	762
120/ఇ1/2	60017
120/ఇ2	60017
120/ఉ2/1	60525
120/ఉ2/2	60526
121/1	2016
121/అ	1237
121/అ1	8023
121/ఆ	60121
121/ఆ1/1	8023
121/ఆ1/2	8023
122	762
122/1/1	762
122/1/2/1	60637
122/1/2/2	60636
122/2	762
122/3	1237
122/4	1035
122/5	1594
122/6	2019
122/9	60637
122/అ/1	1396
122/ఆ	1463
122/ఉ1	256
122/ఉ2/1	759
122/ఉ2/2	256
122/ఉ3/1	765
122/ఊ1	765
122/ఊ2	632
122/ఊ3	765
123	1426
123/1	1175
123/2	416
123/3	1427
123/4	1427
123/5	2019
123/అ5	416
123/ఆ2/1	1301
123/ఆ3	1302
123/ఆ5	1168
123/ఆ5/1	15020
123/ఆ6/1/1	15015
123/ఆ6/1/2	60281
123/ఆ6/2	696
123/ఆ7	369
124/అ1	60101
124/అ-1	691
124/ఆ	1437
124/ఆ/2	1009
124/ఆ2/2	4007
124/ఆ3	261
124/ఆ4	1800
124/ఆ/4	478
124/ఇ1/1	15020
124/ఇ1/2	60424
124/ఇ2	60424
124/ఇ/2	60424
124ఇ4	696
124/ఈ1	257
124/ఈ2/1	445
124/ఈ3/1	1301
124/ఈ3/2	1302
124/ఈ3/3	1222
124/ఈ4/1	1258
124/ఈ/4/2	445
124/ఉ/2/1	60281
124/ఉ/2/2	60424
125	167
125/1	1396
125/1/2	1396
125/2	632
125/అ	898
125/ఇ1	1371
125/ఈ/2	1463
125/ఉ	60186
125/ఉ2	1396
125/ఊ/2	1411
125/ఊ3	1396
126	1371
126/1	167
126/2	167
126/అ	898
126/ఆ	1371
126/ఇ1	60101
126/ఈ2/1	60275
126/ఈ2/2	60503
127/అ	1857
127/అ2	1600
127/అ3/1	1600
127/అ3/2/1	1601
127/అ3/2/2	7998
127/అ3/2/3	7999
127/ఆ1	1857
127/ఆ3	2513
128/అ	898
128/ఆ1	60621
128/ఆ2	60283
129	60286
129/1/1	60098
129/1/2	60286
129/2	60286
129/3	60286
129/ఆ2/1	769
129/ఆ2/2	60505
129/ఇ1	60283
129/ఇ/1	60283
130/1	1952
130/2	60824
130/3	60264
130/అ	1117
130/అ3	1115
130/ఆ	60752
130/ఆ1/1	60257
130/ఆ1/2	60260
130/ఆ3	167
130/ఇ	60260
130/ఇ-1	1565
130/ఇ-2	1566
130/ఇ-3	1567
130/ఈ1	589
130/ఈ3	589
130/ఈ4/1	60398
130/ఈ4/2	60394
130/ఈ5	355
130/ఈ6	408
130/ఉ3	1178
130/ఊ	738
130/రు5/1	357
130/రు6	624
130/లు	1940
131/అ1	167
131/ఆ1	741
131/ఆ2	112
131/ఆ-2	1815
131/ఆ3	556
131/ఇ1	313
131/ఇ2	313
132/1	1800
132/3/2	60743
132/4	2013
132/5	60409
132/6/1	60730
132/6/3	60294
132/6/4	60784
132/అ10	1823
132అ11	1095
132/అ1/1/1	60541
132/అ1/1/2	60787
132/అ1/2	60542
132/అ3	556
132/అ4	749
132/అ5	741
132/అ6	949
132/అ7	556
132/అ8	748
132/అ9	1642
132/ఆ	1604
132/ఆ1	1115
132/ఆ3	413
132/ఆ3/3/2	60743
132/ఆ3/4/1	60731
132/ఆ3/4/2	60730
132/ఆ4	1262
132/ఆ5/1	60731
132/ఆ5/2	60729
133	1262
133/1	1182
133/2	941
133/8	60802
133/అ2	536
133/ఇ2	1248
133/ఈ1	634
133/ఈ/1	114
133/ఈ3	1259
133/ఈ4/1/1	1178
133/ఈ4/1/2	589
133/ఈ4/2	167
133/ఉ/1	114
133/ఉ2	634
133/ఊ1	536
133/ఊ2	1281
134	1222
134/1	1258
134/2/1/1	1606
134/2/1/2	60506
134/2/2	60361
134/అ1	1725
134/అ2/1	1863
134/అ2/2	1214
134/ఆ	1167
134/ఇ	60361
134/ఇ1	478
134/ఇ1/1	60361
134/ఇ2/1	60361
134/ఇ2/2	4007
134/ఇ3	691
134/ఇ-4/1	1607
134/ఇ-4/2	60540
135అ	2029
135/అ/1/1	1869
135/అ/1/2	60244
135/ఆ	73
136	567
136/1	1404
136/2	597
136/3	597
136/4/1	1404
136/4/2	256
136/అ1/1	60478
136/అ1/2	15012
136/అ2	369
136/అ3	907
136/ఇ-1	372
136/ఇ3	1386
136/ఈ1	567
136/ఈ2/2	3263
136/ఈ2/3	3264
136/ఉ2	1869
136/ఊ1	316
136/ఊ2	60502
136/ఊ4	567
137/1	60292
137/అ1-1	1234
137/అ1/2	15017
137/అ2/1	1516
137/అ2/1/1	637
137/ఆ1	369
137/ఆ2	1064
137/ఆ4	60850
137/ఇ	369
138	1414
138/అ1/1	699
138/అ1/2	492
138/అ2	1939
138/ఇ1/1	15010
138/ఇ1/2	15019
138/ఇ-2	1858
138/ఇ/2	316
138/ఉ/1/1	60004
138/ఉ2-2	1414
138/ఊ	507
138/ఊ1/1/1	60196
138/ఊ1/1/2	60192
138/ఊ1-2	2402
138ఊ1-2/1/1	1608
138ఊ1-2/1/2	1414
138ఊ1-2/2	1858
138/ఊ2/1	442
138/ఊ2/2	60497
139/అ1/1	37
139/అ2	372
139/ఆ/2	36
139/ఇ/2	3263
139/ఇ/3	3264
139/ఈ1	372
139/ఈ2/2/1	3263
139/ఈ2/2/2	60157
139/ఉ	1414
139/ఊ	442
139/రు	60512
139/రు1	1414
140/అ2	771
140/ఆ1	1415
140/ఆ2	60096
140/ఇ	1415
140/ఇ1	1612
140ఇ2	771
140ఈ	442
140/ఈ2	771
140/ఈ3	903
140/ఈ4	959
140ఉ	1619
140/ఉ1	903
140/ఉ1/1	899
140/రు1	702
140/రు2	903
140/రూ	1415
140రూ1/1	74
140రూ1/2	60110
140రూ2	1615
141అ	771
141అ1	1616
141ఆ1/1	1616
141ఆ1/2	60110
141ఆ2/2	8041
141/ఆ/3	1415
141ఇ1	1616
141/ఇ2	60096
141ఇ2	1618
141ఈ1	772
141ఉ1	492
141ఉ2	959
141ఊ1	903
141ఊ2	903
141రు1	1619
141రు2	899
142అ1	903
142/అ2	903
142ఆ1	1134
142/ఆ2	492
142ఆ3/1	1620
142ఆ3/2	903
142ఆ4	74
142ఇ	423
142ఈ1	699
142ఈ2	190
142ఈ3	319
142ఈ5	959
143అ1/2	3257
143అ1/3	3258
143అ2	1622
143అ3	636
143అ4	775
143అ5	1621
143అ6	1621
143/ఆ	636
143ఆ2/1/1	629
143ఆ2/1/2	60484
143ఆ2/2	60483
143ఆ3	1369
143ఇ1	636
143ఇ2	1623
143ఈ1	777
143ఈ2/2	3258
144	1627
144/2	1342
144అ	373
144/అ2	1905
144అ2	374
144అ3	424
144అ5	1621
144ఆ1	374
144/ఇ	1851
144ఈ2	118
144ఈ3	1370
145	1009
145/1	909
145/10	1576
145/1/2	1065
145/15	167
145/2	1178
145/2/1	357
145/3	1561
145/4	1388
145/6	1110
145/8	1570
145/9	1815
145/అ	1577
145అ/1	253
145/ఆ1	1603
145ఇ13	118
145/ఇ/2	968
145ఇ2/1/1	967
145ఇ2/1/2	60177
145ఇ2/2	60175
145ఇ3	750
145ఇ6	356
145ఇ8	110
145/ఈ	183
145/ఈ2	1575
146	60810
146/10	1220
146/12	1627
146/1/2	1526
146/16	303
146/17	1589
146/19	4002
146/25	1910
146/3	934
146/4/2	4012
146/6	1221
146/7/1	1920
146/7/2/1/1/1	202
146/7/2/1/1/2	2806
146/7/2/1/2	60214
146/7/2/2	60212
146/8/2	4012
146/9	1219
146/ఆ	106
146/ఆ1	1843
147/అ1/1/1	167
147/అ1/1/2	1178
147/అ1/2	589
147/ఆ1	110
147/ఇ	110
147/ఈ1/1	1627
147/ఈ2	1023
148	1281
148-1	1342
148/1	1627
148-2	1416
148/2	1604
148/4	1923
148/7	373
148/అ1	215
148/అ1/1	634
148/అ4	1621
148/అ5	60505
148/ఆ1	373
148/ఆ2	424
148/ఇ-1	634
148/ఇ-3	1416
148/ఈ1	424
148/ఉ1	1843
148/ఉ2	1843
148/ఉ3-2	432
148/ఉ3-3	689
149	1281
149/2	108
149/అ/1/1	1290
149/అ/1/2	60545
149/అ/2	60496
149/ఇ-3	1416
149/ఈ	373
149ఈ1	634
149/ఈ3	424
150	1281
150/1	4002
150/3	941
150/5	1248
150/6	1589
150/7	60264
150/8	205
150/9	60802
150/అ1	1314
150/అ2	1843
150/అ3	1843
150/ఆ	1560
150/ఆ/2	4001
150/ఇ1	1255
150/ఇ2/1/1	1178
150/ఇ2/1/2	589
150/ఇ2/2	167
150/ఇ-3/1	1091
150/ఇ-3/2	60663
151	60625
151/1	1294
151/2	205
151/3	477
151/అ1	1526
151/అ2	60175
151/అ4	60796
151/అ5-1	550
151/అ-7	1586
151/ఆ-1	1629
151/ఆ-2	1314
152	1182
152/1	1603
152/4	940
152/5	1555
152/6	941
152/అ	941
152/అ/1	1590
152/ఈ1	570
152/ఈ2/1/1/1	1633
152/ఈ2/1/1/2	60808
152/ఈ2/1/2	1204
152/ఈ2/2	1204
153	106
153/2	1555
153/అ	167
153/అ3	60010
153/ఆ1	1253
153/ఆ2	1253
153/ఆ3	1253
153/ఇ-1	1178
154	60347
154/10	879
154/2/1	1603
154/3	60749
154/5	60797
154/6	1253
154/అ	1634
154/అ3	167
154/ఆ1	167
154/ఆ/2	167
154/ఆ6	741
154/ఈ4	303
154/ఈ5/1	60125
154/ఈ5/2	4001
154/ఈ6	4002
154/ఈ8	1589
154/ఉ1	589
154/ఉ2/1/1	60215
154/ఉ2/1/2	60214
154/ఉ2/2	60212
154/ఉ3	1178
154/ఉ/3	589
155	1603
155/1	1910
155/10	1641
155/11	415
155/1/1	1590
155/12/1	1606
155/12/2	60540
155/13	909
155/14	1923
155/15	589
155/2	1604
155/3	1340
155/4	413
155/6/1	2806
155/6/2	60214
155/7	1641
155/8/1	60541
155/8/2	60542
155/9	1278
155/అ1/1	1526
155/అ3/2	7563
155/అ4	60252
155అ4	201
155/అ5/4	1586
155/ఆ1	1578
155/ఆ/1	1844
155/ఆ2	689
155/ఆ4	1115
155/ఆ/5-2	570
155/ఇ/1	60810
155/ఇ3	934
155/ఇ-4	303
155/ఇ-5/1	60125
155/ఇ-5/2	4002
155/ఇ7	4002
155ఇ8	1589
155ఈ2	1565
155ఈ3	1567
155ఈ4	1566
155/ఉ3	60010
155/ఎ2	848
155/ఎ4	60780
155/ఎ5	1091
155/రు4	738
155/రూ1	355
155/లూ10	741
155/లూ11	949
155/లూ12	748
155/లూ13	556
155/లూ7	1095
155/లూ8	1642
155/లూ9	749
156	1176
156/1	909
156/10	1556
156/11	2012
156/1/1	1590
156/15	60010
156/2/1	484
156/2/2	60403
156/3	108
156/4	1923
156/5	2012
156/6	1009
156/7	1843
156/9	1578
156/అ1	1526
156/అ3	1091
156/అ4	356
156/అ5	477
156/అ6	550
156/ఆ1	415
156/ఆ/1	1844
156/ఆ13	1278
156/ఆ14/1	60541
156/ఆ14/2	60542
156/ఆ2	556
156/ఆ3	1642
156/ఆ4	1095
156/ఆ5	749
156/ఆ7	949
156/ఆ8	748
156/ఆ9	1606
156/ఇ-2	60449
156/ఇ3	167
156/ఈ2/1/2	60270
156/ఈ2/1/3	60270
156/ఈ2/2	941
156/ఈ3	1604
156/ఈ4	1117
156ఈ4	201
156/ఈ5	1248
156/ఈ7	1586
156/ఈ8	570
156/ఉ	413
156/ఉ/1	1644
156/ఉ2	689
156/ఉ3	1115
156/ఊ1	1009
156ఊ3	1009
156ఊ/3	1009
156/ఊ4	303
156/ఊ5	4002
156ఊ7	1589
156/రు1/1	355
156/రు2	408
156రు3	356
156రు4	738
156రు5/1	357
156రు6	624
156రూ1	1565
156రూ2	1566
156రూ3	1567
156లూ	60397
157	60625
157/1	1843
157/2	108
157/3	1354
157/4	2013
157/5	1178
157అ6	1586
157/ఆ	106
157ఆ1	738
157ఆ2	355
157ఆ2/1	1566
157ఆ3	408
157/ఆ/4	589
157ఆ4	356
157ఆ5	1565
157/ఆ7	1567
157/ఆ8	624
157ఇ1	60448
157ఇ1/1	484
157/ఈ	183
157/ఉ1	183
157/ఉ3	167
158/1	909
158/2	1570
158/3	1606
158/4	1641
158/5	2600
158/6	1910
158/7	60625
158/అ1	748
158/అ2	556
158/అ3	1095
158/అ4	1642
158/అ5	749
158/అ6/1	741
158/అ7	949
158/ఆ/1	60260
158/ఆ/2	60257
158/ఆ3	848
158/ఆ4	1526
158/ఇ2	477
158/ఇ/2	8000
158/ఉ/2	1586
159/2	60010
159అ	570
159ఇ	778
159ఈ	750
159/ఉ/1	1540
160	1176
160/1	168
160/10	1806
160/11	941
160/1/1	1590
160/12	941
160/14	941
160/2	2012
160/3	432
160/6	1807
160/7	940
160/8	940
160/9	1555
160అ	60799
160అ2/1	463
160అ2/2	1253
160అ3	143
160ఆ	941
160ఆ2-1	589
160ఆ3	778
160ఆ4	1540
160/ఆ5	1117
160ఆ5	570
160ఇ2	1580
160ఇ3/1	689
160ఈ/1/1/1	168
160ఈ/1/1/2	72
160ఈ/1/2	60352
160ఈ/2	60329
160/ఉ2	60501
160/ఉ3	1107
161/1	1809
161/2	1910
161/3	1178
161/ఆ2	1641
161/ఆ/2	4001
161/ఆ/3	589
161/ఆ5	749
161/ఇ-1	741
161/ఇ-10/1	738
161/ఇ-10/2	895
161/ఇ-12/1	624
161/ఇ-12/2	895
161/ఇ-2	949
161/ఇ-3	355
161/ఇ-4	748
161/ఇ-5	556
161/ఇ-6	408
161/ఇ-7	1095
161/ఇ-8	1642
161/ఇ-9	356
161/ఈ2	167
161/ఉ/1/1	60347
161/ఉ/1/2	60287
161/ఉ3/1	934
161/ఉ3/2	60499
161/ఉ4	303
161/ఉ5	4002
161/ఉ7	1589
162	1176
162/1	1577
162/2	160
162/3	2013
162/4	570
162/అ2	749
162/అ3	741
162/అ4	1642
162/అ5	949
162/అ6	748
162/అ7	1095
162/అ8	556
162/అ9	1641
162/ఆ	60448
162/ఆ/3	934
162/ఆ4	1178
162/ఇ/2	4001
162/ఈ	167
162/ఉ	60264
162/ఊ1	355
162/ఊ2	408
162/ఊ/2	589
162/ఊ3	356
162/ఊ4	738
162/ఊ5/1	357
162/ఊ6/1	624
162/ఊ6/2	60448
162/ఎ-1	1641
162/రు/1	1644
162/రు4	303
162/రు5	4002
162/రు7	1589
162/రూ3	1253
162/రూ4	941
162/లు/1	60810
163/1	1221
163/1-1	1370
163/2	1645
163/3	60797
163/3/1	60496
163/3/2	60495
163/4	463
163/6/1	895
163/7	1843
163/అ1-1	9
163/అ1-2	953
163/అ1-3	953
163/అ2-1	968
163/అ2/3	1219
163/అ2/4	1220
163/అ3	143
163/ఆ1-1	940
163/ఆ3	1253
163/ఆ5/2/1	1633
163/ఆ5/2/2	1248
163/ఇ-1	940
163/ఇ-2	60338
163/ఇ-3	1107
164	1176
164/1	1603
164/1/1	60789
164/12	589
164/13	60253
164/14	1807
164/3/1	1511
164/3/2	60345
164/4	1511
164/7	1843
164/8	60659
164/9	2013
164/అ	968
164అ1	1221
164/అ1/1	9
164/అ1/2	895
164/అ1/3/1	887
164/అ1/3/2	60772
164/అ1/4	1219
164/అ1/5	60775
164/అ2	952
164అ3	1220
164/అ3/1	953
164/అ3/2	60775
164/అ5	463
164అ5	60253
164/అ5/2	1248
164/అ5/3	1540
164/అ6/1	887
164/అ6/2	60771
164/ఆ2	60518
164/ఆ3	9
164/ఆ3/2	1122
164/ఆ3/3	1119
164/ఆ3/4	1557
164/ఆ3/5	2808
164/ఇ3	60659
165/2	2009
165/అ1	2605
165/అ2/1/2	4011
165/అ2/2	4010
165/అ3	15028
165/ఆ1	2605
165/ఆ2/1/2	4011
165/ఆ2/2	4010
165/ఆ3	15028
167	751
167/1	407
167/1-1	228
167/2	202
167/5	165
167/8	1436
168	1176
168/అ3	60627
168/ఆ2	60010
168/ఆ/2	1603
168/ఇ	1255
168/ఉ	1248
168/ఉ1	60646
169/2	60265
169/ఆ	1627
170/అ/1	60287
170/అ2	60287
170/అ3/1	934
170/అ3/2	60499
170/అ4	303
170/అ5	4002
170/అ7	1589
170/ఆ1	355
170/ఆ2	408
170/ఆ3	356
170/ఆ4	738
170/ఆ5	357
170/ఆ6	624
170/ఉ3	4001
171/ఆ/1	1627
172/1/1/1	1945
172/1/1/2	1569
172/1/2	60685
172/అ	60810
172/అ1	60448
173	769
173/ఆ1	355
173/ఆ2	408
173/ఆ3	738
173/ఆ4	356
173/ఆ5	357
173/ఆ6	624
173/ఇ	60397
174	1255
174/3	4001
174/అ1-3	60627
174/అ3	1253
174/ఆ2	60812
174/ఆ/2	1540
174/ఇ/1	60287
174/ఇ-3	4002
174/ఇ-5	1589
175	1910
177/1	202
179/1	1945
179/అ10	895
179/అ11	749
179/అ1/1	60541
179/అ1/2	60542
179/అ2	60269
179/అ3	1642
179/అ4	1641
179/అ5	415
179/అ6	895
179/అ7	741
179/అ8	949
179/అ9	895
180/1	415
180/10	1641
180/2/1	1278
180/2/2	60269
180/3	749
180/4	741
180/6	895
180/7	895
180/8	1642
180/ఆ3/1	936
181/1	1590
181/3	60010
181/అ	940
181/అ1	1248
181/అ2-3	60627
181/అ4	1253
182/3	1178
182/అ	60394
182/ఆ	202
183	1370
183/1	1552
184/1/2	1222
184/2	1115
184/అ2/1	1117
185/అ1	60394
185/అ-3	355
185/అ3/1	60268
185/అ3/2	60264
185/ఉ3	1178
188/1	2012
188/2	160
188/ఇ-1/1	60259
188/ఇ-2	778
189/1	2012
189/2	160
189/అ2	778
189/ఇ	1248
190/అ	1580
190/అ1	1220
190/అ3	60338
191	1910
191/అ	1563
191/ఆ1/2	4012
191/ఇ-1	895
191/ఇ2	749
191/ఇ3/1	60541
191/ఇ3/2	60542
191/ఇ4	1641
191/ఇ6	741
191/ఇ7	949
191/ఇ8	895
191/ఇ9	556
192	1248
192/1	1555
192/2	778
192/3	941
192/4	60010
192/అ5	4002
192/ఆ1-1	1222
192/ఆ1-4	1222
192/ఆ1-5	1222
192/ఆ2	1222
192/ఆ3	1222
192/ఆ4	1248
193	1182
193/1	432
193/అ1	60259
193/ఆ	1117
193/ఇ-3	1115
194/అ	60729
194/ఆ1	1590
195/2	1446
195/3	1445
195/4	1444
195/5	1443
196/1	145
196/2	160
197/1	1580
198/1	940
199/అ	1177
200/1	145
200/అ1/1	343
200/అ1/2	343
201/1/1	1590
201/2	1555
201/5	60812
201/అ1-3	60627
201/అ3	1253
201/అ4	1248
201/ఆ3	60627
202	879
203/1	1221
203/6	1221
203/అ1-2	879
204/1	1221
204/1-1	1645
204/2	1221
204/4	1221
204/5	949
204/6	940
204/8	750
204/9	750
205	1741
206	1176
206/1	1603
206/3	1642
207	1176
207/1	1603
207/3	108
207/అ4	1540
208	1910
208/1	1219
208/1-1	1219
208/2	848
209/అ	169
209/అ2	948
209/ఆ1	1219
209/ఇ-1	869
209/ఇ-2	948
210/అ2	169
210/ఆ1	869
210/ఆ2	948
210/ఇ-1	1204
210/ఇ-2	948
210/ఉ3	848
211	165
211/అ	1204
211/ఆ1	869
211/ఆ1-3	309
211/ఆ2	948
211/ఆ2/1	869
211/ఆ3	960
211/ఇ-3/1	60541
211/ఇ-3/2	60542
212	165
212/3	960
212/అ	960
213/1	936
213/2	60543
214	1603
214/3	60797
214/అ2	1204
215/ఇ-1	432
215/ఇ-2	145
216/3	160
216/ఆ	689
217	534
217/1	145
217/2	1580
217/4	1580
218	949
219	949
220	1603
223/3	72
223/అ	1642
223/ఆ1	1642
225/1	534
225/2	60329
225/3	60329
226/అ	941
226/ఆ/1	201
226/ఈ2	1642
227/2	1642
227/అ3	201
227/ఆ	1540
228	60276
228/1	1255
229/1	1354
229/2	1255
231/1	355
231/2	941
231/ఆ1	158
231/ఆ2	159
231/ఆ3	102
231/ఆ4	481
231/ఇ1ఇ2	201
231/ఇ4/1	60541
231/ఇ4/2	60542
231/ఈ	911
232/1	940
232/అ1	1252
232/ఉ	911
232/ఊ2/1	60541
232/ఊ2/2	60542
233/ఆ1	1252
233/ఉ	778
234/1	1806
234/2	1807
234/3	143
234/ఇ2	558
234/ఇ-3	490
235/1	1806
235/2	1807
236/1	1252
237/1	1252
237/అ1	60554
237/అ10	748
237/అ2/1	7
237/అ2/2	60253
237/అ3/1	490
237/అ3/2	60253
237/అ4	558
237/అ5	13
237/అ7	60163
237/అ8	15022
237/అ9	749
238/2	1446
238/3	1445
238/4	1444
238/5	1443
239/2	1446
239/3	1445
239/4	1444
239/5	1443
240/2	1446
240/3	1445
240/4	1444
240/5	1443
241/2	1446
241/3	1445
241/4	1444
241/5	1443
242/అ1	749
242/అ2	748
243/అ1	749
243/అ2	748
243/ఆ	13
243/ఇ	60554
244	1383
244-1	407
244/11	14
244/1-1	751
244/12	15007
244/13	60471
244/14/1	9
244/16	1741
244/16/2	1120
244/17	1557
244/20	1218
244/21	66
244/2/1	1315
244/212	786
244/213	14
244/4	438
244/5	165
244/5/1	590
244/అ	1226
244/అ1	12
244/అ2	962
244/ఆ1	1444
244/ఆ7	1901
244/ఉ3	60009
245	434
246/1	208
246/10	2002
246/10/2	60816
246/12	2002
246/12/2	60816
246/15	1944
246/16	1944
246/2	208
246/2/1	1318
246/3	518
246/3/1	1315
246/5	578
246/6	1944
246/7/1	15016
246/7/2	1907
246/8	646
246/అ	518
246/ఆ7	1901
247/1	60161
247/అ1	1267
247/అ2/1	60425
247/అ2/2	60426
247/అ2/3	60427
247/ఆ1	646
247/ఆ2	15016
247/ఆ2/1	578
247/ఆ/3	1085
247/ఆ/4	165
247/ఇ	1267
247/ఈ	1267
248/ఈ	323
248/ఉ	1267
249/1	2601
249/2	829
250/1	2601
250/2	829
251/అ/1	7555
251/అ/2	8050
251/ఆ1	829
251/ఆ/1/1	2601
252	829
252/అ/1	8050
252/అ/2	7555
252/ఆ1/1	2601
252/ఆ-2/1/1/1	1240
252/ఆ-2/1/1/2	60208
252/ఆ-2/1/2/1	744
252/ఆ-2/1/2/2	60817
252/ఆ-2/2	60207
253/2	3262
253/అ2	1049
253-అ4	119
253/అ4	119
253/ఆ	1049
253/ఇ-1	309
253/ఇ-2	1148
253/ఇ2/1	1925
253/ఇ2/2	60168
253/ఈ1	752
253/ఈ2	60740
253/ఉ1	790
253/ఊ/1	970
253/ఊ/2	8001
254-అ4	119
254/ఆ/2	8001
254/ఇ	309
254/ఈ	752
254/ఉ1	790
254/ఉ-2	970
255/అ4	286
255/ఆ3	789
255/ఇ	309
255/ఈ1	790
255/ఈ-2	970
256/ఆ4	286
256/ఇ-1	60589
256/ఇ-2	970
256/ఇ/2	970
256/ఈ	309
256/ఉ	752
256/ఉ1	330
256/ఊ4	789
256/రు2	119
256-రు4	119
257/అ	60182
257/ఈ	122
257/ఉ	60592
257-ఊ	911
257/ఊ	725
258	1438
258/10	725
258/1/1/1	1238
258/1/1/2	60653
258/1/2	1951
258/2/2	794
258/3	1385
258/4	1398
258/5	910
258/6/1	1810
258/6/2/1	60356
258/6/2/2	1398
258/7	1384
258/8/1	381
258/8/2	1438
258/ఆ/2	60081
258/ఆ8/1/1	565
258/ఆ8/1/2	1398
258/ఆ8/2	60438
258/ఈ1	912
258/ఈ2	910
258/ఈ3	725
258/ఉ1/2	2567
258/ఉ3	15035
258/రూ	794
259	1438
259/1/1	381
259/2	1385
259/7	1384
260	1438
260/1	10
260/10	1384
260/2	911
260/3	381
260/4	2024
260/7	1385
260/ఆ/2	721
260/ఆ/5	704
260/ఆ7	60155
260/ఇ1	925
260ఇ2	60240
260ఇ3	927
260/ఈ	381
260/ఉ2	60820
261/1	15001
261/3	60113
261/ఆ	1020
261/ఇ1	1020
261/ఇ2	648
261-ఇ3	124
262	60667
262/1	10
262/2	1737
262/3	2025
262/4	60113
262/5	60112
262/అ4	80
262/ఆ2/1	1515
262/ఆ2/4	15035
262ఆ3/1	580
262ఆ3/2	60194
262ఇ2	60820
262/ఈ	60537
262/ఈ1	1159
262/ఈ/3	60537
262/ఈ3/1/1	60851
262/ఈ3/1/2	60155
262/ఈ3/2	721
263/అ	1328
263/అ1	649
263/అ2	60825
263/ఆ	1328
263/ఆ1	1327
264	60667
264/1	83
264/10	1195
264/2	10
264/5	15036
264/6	15036
264/అ1/1	1811
264/అ1/2	60667
264/అ/2/2	1174
264/ఆ/1	60667
264/ఆ1/1	1346
264/ఆ2/1/1/1/1	60658
264/ఆ2/1/1/1/2	60657
264/ఆ2/1/1/2	60656
264/ఆ2/1/2	60651
264/ఆ2/2	60114
265	932
265/అ1/1	580
265/అ1/2	60408
265/ఇ	972
265/ఇ3	580
266	60452
266/2/2	794
266/3	1398
266/4	60452
266/6	1810
266/అ1/1	60527
266/అ1/2/1	60528
266/అ1/2/2	60377
266/అ/౩	794
266/ఆ3	972
266/ఆ/4	580
266/ఆ9	60155
266/ఇ1-2	580
266/ఊ	912
267/1	1038
267/2/1/1	1438
267/2/1/2	1438
267/2/2	1438
267/అ1	60182
267/అ2	60182
267/ఆ	1239
267/ఆ1	1438
267/ఆ/3	580
267/ఇ	1239
267/ఇ1	1261
267/ఈ2	382
267/ఉ4	912
267/ఊ2	910
267/ఊ3	725
267/రూ1	1113
267-రూ2/1	124
267-రూ2/2	60124
267/రూ3	1073
268/1	1074
268/11	1074
268/12	2007
268/2	988
268/3	1113
268/4	1114
268/5/2	2507
268/6	438
268/8	171
268/అ	1441
268/అ1	1387
268/అ2	326
268/ఆ3	648
269/అ1	583
269/అ2	60263
269/అ3	439
270/1	932
270/2	580
270/అ1	60422
270/ఆ	383
270/ఇ3	580
270/ఈ	383
270/ఉ	60408
270/ఊ	932
270/రూ2	159
270/లు/1	1341
270/లు/2	60683
271	481
271/1	932
271/2	932
271-ఆ	60408
271/ఆ	159
271/ఇఈ	383
272/1	988
272/2	932
272/అ1	1128
272/అ2/1	1038
272/అ2/2	60380
272/ఆ	60538
272/ఆ1	47
272/ఆ/1	60598
272/ఆ3	1188
272/ఆ/3	1384
272/ఆ4/1	16
272/ఆ4/2	1384
272/ఆ5	795
272/ఇ1-1	585
272/ఇ1-2	795
272/ఈ/2	4004
272/ఉ2	585
272/ఉ3	795
272/ఉ4	47
272/ఉ5	16
272/ఊ1	1188
272/ఊ3	1170
272/ఊ4	1038
274	60158
274/1	1279
274/1/1	915
274/2	723
274/3	988
274/4	438
274/5	542
274/6/2/1	8012
274/6/2/2	60522
274/7	1113
274/8/2/1	4016
274/8/2/2	60408
274/అ	60830
275	60830
275/1	444
275/అ1/2/1	8012
275/అ1/2/2	1074
275/అ2	1074
275-ఆ	723
276	14
276/1	60790
276/అ	60830
276/ఆ2/1	1200
276/ఆ2/2/1	1399
276/ఆ2/2/2	1114
276/ఈ1	84
276/ఈ2	84
276/ఈ3/1	146
276/ఈ4	272
276/ఈ5/1/1/2	4023
276/ఈ5/1/2	60795
276/ఈ5/2	4021
276/ఉ5/1	1123
276/ఉ5/2	60277
277/2	8010
277/3/1	542
277/3/2	60159
277/4/1/1/1	60707
277/4/1/1/2	60679
277/4/1/2	1114
277/4/2	1114
278/1/1	48
278/1/2	60830
278/2	1200
278/3/1	60245
278/3/2	60154
278/5	15003
278/ఆ/4/1	60605
278/ఆ/4/2	60464
279/అ1/1/1	20
279/అ1/1/2	60407
279/అ1/2	384
279/ఆ1	175
279/ఆ2	128
279/ఆ3/1/1	85
279/ఆ3/1/2	60456
279/ఆ4	466
279/ఆ5	467
279/ఈ/2	1917
281	653
281/ఆ1	175
281/ఆ2	128
281/ఆ3/1	85
281/ఆ4	466
281/ఆ5	467
282/1	1754
282అ1	15035
282/అ2/1	336
282/అ3	380
282/ఆ	653
282/ఇ-3	380
282/ఇ-4	336
283/1	1754
283/2	2006
283/అ2	182
283/అ3	380
283/అ4	336
283/ఆ2	86
283/ఆ3	649
283/ఆ5	1912
284/ఆ	86
284/ఆ1	1912
284/ఇ	649
284/ఈ	327
285/1	231
285/2	1727
286	2900
286/1	1538
286/2/1	60697
286/2/2	60701
286/3	540
286/అ/5	1717
286/ఆ4	576
286/ఇ	1786
286/ఇ2/1	87
286/ఇ2/2	703
286/ఇ2/3	60419
286/ఇ3/1	60420
286/ఇ3/2	60419
287	1357
287/1	1656
287/అ1	1655
287/అ2	1078
287/ఆ1	874
287/ఆ1/3	874
287/ఆ1-4	874
287/ఆ3/1	60381
287/ఆ3/2	60093
287-ఆ4	874
287/ఇ	60728
288	1449
288-అ	2900
288/ఆ1/1	526
288/ఆ1/2	60388
288/ఆ1/3	60387
288/ఆ1/4	60386
288/ఆ4	1449
288/ఆ/5	23
289/1	14
289/అ1/1/2	4005
289/అ1/2	4004
289/ఇ-3	786
289/ఇ-4	14
289/ఈ1	84
289/ఈ3	146
289/ఈ4/1	272
289/ఈ4/2	60481
289/ఈ5/1/2	4025
289/ఈ5/2	4024
289/ఊ	60798
289/ఊ1/2	60831
290/1	1324
290/1-2/1/1	329
290/1-2/1/2	7564
290/1-2/2	7564
290/2	1078
290/3	1078
291/అ1	528
291/అ2	719
291/అ3/1	147
291/ఆ1	1102
291/ఇ1	1102
292	1727
292/అ1/2	231
292/అ/2/1	1321
292/అ/2/2	60374
292/అ3/2	60187
292/ఆ1	800
292/ఇ/1	1866
292/ఇ/2	1926
292/ఇ/3	1868
292/ఈ/2	2503
292-ఉ1	528
292/ఉ3/1	147
293	2503
293/2	800
294/1	1727
294/అ1/2	231
294-అ2	60374
294/ఆ/2/1	60187
294/ఆ/2/2	60415
294/ఈ1/2	2503
295	1727
295/ఆ1	528
295/ఆ3/1	147
295/ఇ2	231
295/ఈ5	800
295-ఉ2	60374
295/ఉ/2	1321
295/ఉ3	60547
296	672
296/1	743
296/అ1	60293
296/ఆ1	60293
297/1	60293
298	60450
299/ఆ	60297
299/ఇ/2	4017
300	60297
300/ఆ	89
300/ఇ	60297
300/ఈ/1/2	4017
300/ఈ/2	4017
300/ఉ	1228
300/ఊ	1228
300/రు	1228
300/రూ	1228
301/1	1538
301/అ-2	60700
301/అ/2	1717
301/ఆ/2	1446
301/ఆ/3	1445
301/ఆ/4	1444
301/ఆ/5	1443
302/1	60387
302/2/1/1	60388
302/2/1/2	60387
302/2/2	60386
302/3	60386
302-అ	2900
303/అ1	60388
303/ఆ1	60386
303-ఆ2	2900
304/1	1538
304/అ2	1717
304/అ/2	1446
304/అ/3	1445
304/అ/4	1444
304/అ/5	1443
305	703
305/1	704
305/2	576
305/3	1737
305/ఇ	80
306/1	60423
306/10	1717
306/11	1538
306/13	540
306/1/3/2	2504
306/2	703
306-3	598
306/3	704
306/5/1/1	1786
306/7	60851
306/9	1737
306/అ	345
306/అ1	345
306/ఊ4/1	60697
306/ఊ4/2	60699
307/11	1538
307/2	60700
307/3	540
307/4/1	60699
307/4/2	60700
307/5	60700
307/6	60699
307/7	60699
307/ఆ/3	584
307/ఇ11	1717
307/ఈ1/3/2	2504
307/ఈ2	703
307/ఊ4	60696
308	60697
308/11	1538
308/3	1737
308/4	540
308/ఆ1	345
308/ఆ/3	584
308/ఈ/1	1786
308/ఈ/2/2	2504
308/ఉ	703
308/ఉ2	704
308/రు	576
308/లు/7/2	1717
309/1	1717
309/11	1538
309/2	1737
309/3	540
309/4	345
309/5	60697
309/అ	345
309/ఈ	1786
309/ఉ	60697
309/ఉ1	703
309/ఊ	704
309/రూ	576
310	1737
310/ఆ	576
311	345
311/1	514
311/2	1737
311/ఆ/1	60388
311/ఆ/2	60387
311/ఆ/3	60386
311/ఇ	832
312	1796
312/1	717
312/3	1797
312/అ	28
313	1796
313/2	717
313/3	1797
313/అ	28
314/1	332
315/1	332
315అ	332
316	1407
316/1	2900
316-అ	1406
316/ఆ2/2	2514
317-అ/1/2	2514
317-అ/2	60513
317/ఆ1/2	2514
317/ఆ2	60239
317/ఆ/2	60239
318/1	332
318అ	332
319/అ	2900
320	672
320/1	743
320/అ1/2	2501
320/అ2/2	2509
320/అ3/1	15026
320/అ4	813
320/ఆ1-1	60293
320/ఆ1-2	60293
320/ఆ2	60293
320/ఇ1	60293
320/ఈ1	60293
321	672
321/1	743
321/అ1/2	2501
321/అ2/2	2509
321/అ3/1	15026
321/ఆ1	60293
321/ఆ2-1	60293
322	672
322/1	743
322/అ1-1	60293
322/అ2	60293
322/ఆ1/2	2501
322/ఆ2/2	2509
322/ఆ3/1	15026
322/ఆ4	813
322/ఇ-1	60293
323	672
323/1	743
323/అ1	60293
323/ఆ1	60293
323/ఇ-1/2	2501
323/ఇ-2/2	2509
323/ఇ-3/1	15026
323/ఇ-4	813
324/అ1	13
324/అ2	13
324/అ3	13
325	102
326/ఆ1	1655
326/ఆ3	15036
326/ఆ4/2	2517
327	868
327/1	60516
327/అ1	60516
327/అ3/2	78
327/ఆ	60628
327/ఆ1/1	2888
327/ఆ1/2	60628
328/2	800
328-అ1	528
328/అ2	719
328/అ3/1	147
329	868
329/అ	1865
329/అ2/2	78
329/ఆ3	868
329/ఇ-1	1102
329/ఇ/1	1027
329/ఇ/2	60628
329/ఇ/3	302
330/ఆ	1102
330/ఆ/1/1	713
330/ఆ/1/2	302
331	1655
331/1	1656
331/2	1655
331/3	1656
331/5	803
331/6/1	60380
331/6/2	60380
331/8	60052
332/అ1	131
332/అ2/2	2517
332/అ3	15036
332/అ-3	705
332/అ9	384
332/ఆ1	1655
332/ఆ2	1656
332/ఆ8	222
333/1	1174
333/2	15036
333/అ1/1	593
333/అ1/2	1324
333/అ2	592
333/అ3/1	593
333/అ3/2	60279
333/అ4	2505
333/ఆ1/1	804
333/ఆ1/2/1	60279
333/ఆ1/2/2	60278
333/ఆ1/3	60279
333/ఆ2/2	2505
334/1	60131
334/1/1	60187
334/1/2	60547
334/3	60130
334/ఆ	386
334/ఆ1	705
334/ఆ2/1	1916
334/ఆ2/2/2	60549
334/ఆ3	705
334/ఆ4/2	1916
334/ఆ5	1916
334/ఆ6	1916
334/ఆ7	179
334/ఆ8/1/1/1	60187
334/ఆ8/1/1/2/1	60187
334/ఆ8/1/1/2/2	1916
334/ఆ8/1/2	60187
334/ఆ8/2	60093
334/ఆ9/1	384
334/ఆ9/2	1508
336	1116
336/2	1298
337/అ1	976
338	972
339	976
340/1	1449
340/1/2	976
340/2	1250
340/3/1/1	1491
340/3/1/2	60579
340/3/1/3	60580
340/3/2	60319
340/4/1/1	2805
340/4/1/2	60076
340/4/2	7554
340/5/1/1	1448
340/5/1/2	972
340/5/2	60453
340/అ1/1	656
340/అ1-1/1	60334
340/అ1-1/2	656
340/అ1/2	60328
340/అ4	1339
340/అ6	972
340/ఆ	1157
341	972
342/1/1	1515
342/1/2	60508
342/అ	1157
343/అ1	976
344/ఆ-1	808
344/ఆ2	808
344/ఆ-3	945
344/ఆ-4	1694
344/ఆ-5	944
345/అ2	1917
345/అ/2	1917
345/అ3	1801
345-అ4	723
345/అ5	1847
345/అ6	60116
345/అ7	1519
345/ఆ2	86
345/ఆ3	649
345/ఆ4	1801
345/ఆ6	1912
346/అ2	1917
346/అ3	1801
346-అ4	723
346/అ5	1847
346/అ6	60116
346/అ7	1519
346/ఆ2	86
346/ఆ3	649
346/ఆ/3	1917
346/ఆ-4	649
346/ఆ5	1912
347	1423
347/1	1423
347/11	1538
347/2	1737
347/3	540
347/4/1/1	514
347/4/1/2	60445
347/4/2	60188
347/అ/1/1	1349
347/అ/1/2	60544
347/అ/2	1320
347/ఆ2	1518
347/ఆ7	1517
347/ఇ-1	1260
347/ఇ3	598
347/ఇ-4	60851
347/ఈ4	345
347/ఉ/1	1917
347/ఉ2/1	1917
347/ఉ2/2	60369
347/ఉ3	1801
347/ఉ5/1	874
347/ఉ5/2	1847
347/ఉ6	60116
347/ఉ7	1519
347-ఊ4	723
347/రు	1912
347/రు2/1	86
347/రు2/2	60322
347/రు3	649
347రు4/1	1801
347రు4/2	60804
349	444
350	390
350/10	990
350/11	1665
350/1-12	541
350/1/2	1321
350/12/1	60616
350/12/2	60617
350/13	1129
350/1/3	1859
350/1/4/1	60254
350/1/4/2	60255
350/1/4/3	60256
350/15	1213
350/16	1669
350/1/6	1269
350/16/1	1669
350/17	1670
350/1/7	1269
350/1/9	1389
350/19/1/2	4011
350/23	267
350/2/3	1025
350/24	1672
350/25	481
350/27	1235
350/30	1260
350/31	1677
350/32	998
350/4	481
350/5	1664
350/6	60509
350/6/2	1675
350/7-1	1320
350/8	1130
350/8/1-1	267
350/8/1-2/1	267
350/8/1-2/2	586
350/8/2-2	1190
350/8/4-2	1120
350/అ1/9	1320
350/అ2	998
350/అ4	1820
350/అ8	1820
350/ఆ11	1803
350/ఆ2	1675
350/ఆ/2	11
350/ఇ5	147
350/ఈ	1212
350/ఈ1	1352
350/ఉ/1	60254
350/ఉ/2	60255
350/ఉ/3	60256
353/1-2	1190
353/2	60367
353/6/1	1198
353/6/2	60370
353/8/2	462
353/అ2/1	1854
353/అ2/2/1	1056
353/అ2/2/2	60517
353/ఆ/2	56
353/ఆ/3/1	1025
353/ఆ/3/2	60367
354/అ-1	60100
354/అ-2	1864
354/ఆ	13
354/ఆ/2	509
354/ఇ	383
354/ఈ2	1864
355	383
356/అ-1	1212
356/అ2	1212
356/ఆ	396
357/అ	1304
357ఆ/1	60852
357ఆ/2	1669
357ఇ	1087
358/1	518
358అ1/1	1087
358అ1/3	60750
358అ2	1087
359అ1	1345
359ఆ	13
360/1	1347
360అ2	1323
360/ఆ/2	1446
360/ఆ/3	1445
360/ఆ/4	1444
360/ఆ/5	1443
361	1304
362	227
363/అ1	1323
363/అ2	60518
363/అ3	1227
363/ఆ/1	60518
363/ఆ/2	60517
364	1347
364/ఆ1	831
364/ఆ/1	1227
364/ఆ/2	60582
365/1	228
365/2	228
365/ఆ1	1819
366/1	751
366/1-1	228
366/ఆ2	1819
367/1	751
367/1-1	228
367/అ/1/1	60837
367/అ/1/2	60836
367/అ/2	60835
368	228
368/అ	467
369	228
369/1	751
369/2	60507
369/5	165
370/1	1343
370/2	60507
371/అ1	383
371/అ-2	1384
371/ఆ1	383
371/ఆ2	1384
371/ఇ1	1304
372/3	518
372అ1	466
372/అ2	584
372/అ2/1	1304
372/ఆ2	15027
372/ఆ3	1087
372/ఇ	60750
373/1	751
373/అ2	1384
373/అ3	165
373/ఆ3	228
374/అ/1/1	175
374/అ/1/2	60290
374/అ/2	60289
374/ఆ1/1	889
374/ఆ1/2	60682
374/ఆ2	1384
374/ఇ/1	1112
374/ఇ/2	1384
375/అ	1384
375/ఇ	134
376	60161
376/1	1129
376/అ1/2	60258
377/1	1129
377/2/1	1664
377/2/2	60258
378/అ	708
379/అ1	708
379/అ2	175
379/ఆ	1358
379/ఆ/1	1358
379/ఆ2	182
379/ఆ/2	1358
379/ఆ3	380
379/ఆ/3	1358
379/ఆ5	1754
380/అ1	175
380/అ2	128
380/ఆ3	1358
380/ఇ1	1754
380/ఇ-1	182
380/ఇ/1	1358
380/ఇ/2	1358
380/ఇ-3	380
380/ఇ/3	1358
380/ఉ3	1358
381/అ	175
382/అ1	1664
382/ఆ	1358
382/ఆ/1	1358
382/ఆ2	182
382/ఆ/2	1358
382/ఆ3	380
382/ఆ/3	1358
382/ఆ5	1754
382ఇ	60365
383అ	20
383ఆ	20
384	1268
385	1527
385/1	618
385/3	1246
385అ	914
385/ఆ/1	60282
385/ఆ/2	60234
385/ఆ7	1346
385/ఇ	1505
385ఇ2	1080
385ఇ3	1194
385/ఈ	1080
386	1527
386/1	618
386/అ2	1505
386/ఆ1	921
386/ఆ2	921
386/ఆ3	60282
386/ఇ-1/2	1268
386/ఇ-1/3	3266
386/ఇ-1/4/1	914
386/ఇ-1/4/2	60350
386/ఇ-1/5	60350
386/ఇ2	1080
386/ఈ1/1/1	1080
386/ఈ1/1/2	921
386/ఈ1/2	60234
386/ఉ3	1194
387	1080
387/1	618
387/అ1	660
387/అ2	660
387/అ-4	662
387అ4	662
387అ5	662
387/ఆ	1346
387/ఆ2/2	921
387/ఆ3	60282
387ఆ5/1	60201
387ఆ5/2	60202
388	1527
388/2	1268
388/3/1	1192
388/3/2	1080
388/4	1194
388/7	618
389/1	1346
389/5	618
389/అ/1	1505
389/ఆ	582
389/ఆ1	921
389/ఆ2	60282
390	60350
390/1	60350
390/అ2	662
390/ఆ/1	1875
390/ఆ/2	60350
390/ఇ	60178
391/1ఇ	1246
391అ	582
391అ1	60282
391ఆ/2	1268
391ఆ/3	3266
391ఆ/4	60350
391/ఇ1	1346
392అ1	980
392అ/1	4021
392అ2	1173
392అ/2	60210
392అ/3	4023
392అ3/2	3260
392అ/4	60280
392అ/5	60583
392ఆ/2	3260
393అ/1	4021
393అ/2	60210
393అ/3	4023
393అ/4	60280
393అ/5	60583
393/ఆ/1	4021
393/ఆ/2	60210
393/ఆ/3	4023
393/ఆ/4	60280
393/ఆ/5	60583
393/ఇ	279
394/అ2/2	4021
394/అ2/3	60210
394/అ2/4	4023
394/అ2/5	60280
394/అ2/6	60583
394/అ4	980
394/అ5/2	3260
394/అ6	1173
395	1405
395/అ	1685
395/ఇ	279
395/ఈ/2	4021
395/ఈ/3	60210
395/ఈ/4	4023
395/ఈ/5	60280
395/ఈ/6	60583
396	1405
396/అ	1685
396/ఆ	1405
396/ఇ-2/2	4021
396/ఇ-2/3	60210
396/ఇ-2/4	4023
396/ఇ-2/5	60280
396/ఇ-2/6	60583
397/అ3/1	394
397/ఆ-1	1686
397/ఆ-2	1196
398	1405
398/అ2	1197
398/ఆ	1687
399	1818
399/అ	1817
399/ఆ	60725
399/ఆ-1	60330
400/అ1	1069
400/అ-2	593
401/అ	1689
401/అ4	1719
401/అ6	1719
401/అ9	1719
402/అ	1719
403	1691
403/1	1442
403/అ1	703
403/అ2	704
403/అ3	1692
403/ఇ-1	22
403/ఇ-2	60423
403/ఈ1	703
403/ఈ2	704
403/ఈ3	1692
404	1442
404/ఆ-5	60538
404/ఆ-6/1	1089
404/ఇ-1	704
404/ఇ-2	703
404/ఇ-3	1692
404-ఉ2	60538
404/ఉ2	60703
405/1	1089
405/2	60538
405/3	704
405/4	1692
405/5	703
405/ఆ3	60703
406/1	182
406/3	336
406/4	576
406/6	60423
406/అ	380
406/ఆ	1754
407/4	380
407/5	336
407/ఆ	1803
407/ఆ1	1754
408	1382
408/10	1752
408/4	1699
408/5	1685
408/7	1359
408/8/1	60472
408/8/2	60473
408/9	1361
409	1116
409/1	1438
409/10	7565
409/11	1385
409/12	1385
409/13	1384
409/14	1384
409/18	1438
409/2	893
409/21	60720
409/22	821
409/5/2	7565
409/6	60504
409/7	1438
409/8	1438
409/9	1191
409/ఈ1	280
410	481
410/	20
410/10	1180
410/11	128
410/12	60719
410/1/2	122
410/13	1816
410/14	1841
410/15	925
410/16/1	60661
410/16/2	60431
410/17	926
410/18/1	391
410/18/2	60662
410/19	60823
410/2	60456
410/20	964
410/21/1	1180
410/21/2	60687
410/22	599
410/2-3	1704
410/25	60432
410/26/1	85
410/26/2	60718
410/26/3	60719
410/4	945
410/5	1694
410/8/2/1	391
410/8/2/2	60662
410/8/3	466
410/8/5	85
410/9	175
410/అ5/1	20
410/అ5/2	60432
410/ఆ	391
410/ఆ1	391
411	481
411/1	1694
411/10	963
411/1/1	60760
411/11/1	85
411/11/2	60719
411/12	1705
411/14	1816
411/16	1706
411/1-6	1704
411/17	964
411/2	945
411/20	1819
411/21	1816
411/23	1835
411/2-3	1704
411/3/3	60365
411/3/4	175
411/3/5	85
411/4	175
411/5	1704
411/6	60365
411/8/1/1	391
411/8/1/2	60662
411/8/2	60566
411/9	1819
411/ఆ/3	1704
411/ఇ1/1	85
411/ఇ1/2	60718
411/ఇ/2	1705
411/ఈ3	29
411/ఉ	29
412/2	84
412/అ1/1/2/1	4025
412/అ1/1/2/2	60172
412/అ1/2	4024
412/ఆ1	1708
412/ఇ/1	60137
412/ఇ/2	60136
412/ఈ1/2	3260
412/ఈ1/3	3261
412/ఈ2/1/2	60795
412/ఈ2/2	4021
412/ఈ3	1842
413/2	60486
413/3	1853
413/4/2	60321
413/అ3	60795
413/అ5	4025
413/అ6	4023
413/అ7/1/1	4021
413/అ7/1/2	60173
413/అ7/2	60172
413/ఆ1/2	3261
413/ఆ2/1/1	272
413/ఆ2/1/2	7559
413/ఆ2/2	60416
413/ఆ5	1826
413/ఆ9	1826
413/ఇ	1826
413/ఇ1-1/1	60137
413/ఇ1-1/2	60136
413/ఇ1-2/1	1709
413/ఇ1-2/2	60487
413/ఇ1-4/1/2	60172
413/ఇ1-4/2	4023
413/ఈ1	84
413/ఉ3	84
414/అ1	600
414/ఆ1/2	4023
414/ఆ2/2	3261
414/ఆ3	60416
414/ఇ	60136
415	481
415/1	1116
415/3	60333
415/5	1936
415/6	1298
415/అ2	50
415/అ2/1	1830
415/ఆ2	50
415/ఆ3	188
416	60333
416/అ2	50
416/అ3	1131
416/ఆ2	188
417	60333
417/అ1-2	188
417/ఆ2	188
417/ఆ3	50
417/ఆ4	1131
418/అ1	808
418/అ2	808
418/ఆ	944
418/ఆ1	808
418/ఆ2	808
418/ఆ3	945
418/ఆ4	1694
419	656
419/1	1157
419/2/1	1694
419/2/2	60673
419/అ3	60011
419/అ4	596
419/ఆ1	50
419/ఇ-1	50
419/ఇ2-1	808
419/ఇ3	808
419/ఇ5	945
419/ఇ7	944
419/ఇ7/1	945
420/1/1/1/1/1	1250
420/1/1/1/1/2	7554
420/1/1/1/2	60076
420/1/1/2	60076
420/1/2	60076
420/2/1	1491
420/2/2	60581
420/2/3	60580
420/3	60320
420/అ2/1	601
420/అ2/2	60076
420/అ6	601
420/అ8/1	60509
420/అ8/2	1864
420/అ9	1515
421	60515
421/అ/1	713
421/అ/2	1027
421/అ2/1/1	1102
421/అ2/1/2	60263
421/అ2/2	2888
421/అ3	441
421/అ/3	1918
421/అ4	641
421/ఆ1	656
421/ఆ2	60515
421/ఇ3	901
422	656
422/1	640
422-2	705
422/2/1	1196
422/2/2	60093
422/3	640
422/6	1500
422/అ1/1/1/1/1	1197
422/అ1/1/1/1/2	60216
422/అ1/1/1/2	1822
422/అ1/1/2	60198
422/అ1/2/2/1	2517
422/అ1/2/2/2	1357
422/అ2/1	640
422/అ2/2	60514
422/ఆ/1	1508
422/ఆ2	384
422/ఇ1	705
422/ఇ-2	705
422/ఇ/2	60195
422/ఇ-3	386
422/ఇ/3	705
422/ఇ5/1	15009
422/ఇ5/2/1	60678
422/ఇ5/2/2	60514
422/ఇ6	1855
423	1836
423/1	1116
423/3	1298
423/అ2	808
423/ఆ	889
424/అ1/1	1173
424/అ2	846
424/అ3	1173
424/ఆ	1710
424ఆ1/1/1/1	1451
424ఆ1/1/1/2	60757
424ఆ1/1/2	60756
424ఆ1/2	60093
424/ఆ2	846
424ఆ2	1452
425/అ1	846
425/అ2	1173
425/ఆ	1710
425/ఆ1	1452
425/ఆ4	1173
426	60514
426/1	60514
426/అ	1822
426/అ1	640
426/అ2/1	60216
426/అ3/1/1/1	1196
426/అ3/1/1/2	60677
426/అ3/1/2/1	60084
426/అ3/1/2/2	60514
426/అ3/2	1197
426/ఆ1/2	8044
426/ఆ/2	96
426/ఆ2/1/1	60466
426/ఆ2/1/2	60093
426/ఆ2/2	1822
426/ఆ3	384
426/ఇ-2/1/1/1/1/1	15026
426/ఇ-2/1/1/1/1/2	827
426/ఇ-2/1/1/1/2	60693
426/ఇ-2/1/1/2	60692
426/ఇ-2/1/2	60330
427	807
427/1	1719
427/2	807
427/అ	1719
427/అ1	1718
427/అ2/1	15026
427/అ3/1	60590
427/అ3/2	60846
427/అ3/3	60847
427/అ5	1719
427/ఆ1	60725
427/ఆ2	60692
427/ఆ4	60371
427/ఇ-1	60726
427/ఇ-2	60693
427/ఇ3	603
427/ఇ-3	603
427/ఇ-4	60371
427/ఈ1/1	913
427/ఈ1/2	60848
427/ఈ1-2/1	1004
427/ఈ1-2/2	60688
427/ఈ1/3	60849
427/ఈ1/4	60847
427/ఈ3	913
427/ఈ3-1	1720
427/ఈ3-2	1721
428/అ1/1	340
428/అ1/2	60686
428/అ2	451
428/అ3	60686
428/అ3/1	1870
428/అ4	189
428/అ/4/2	662
428/అ5/2	147
428/అ6	189
428/అ7	603
429	1442
429/1	773
429/2	1504
429/3/1	60359
429/3/2	60331
429/5	1724
429/అ1	1422
429/అ3/1	124
429/అ4	60341
429/ఆ	1724
429/ఇ-1	1422
429/ఇ-2	22
429/ఇ-3	551
429/ఇ-4	1422
429/ఈ1	1911
430/1/1	828
430/1/2	60366
430/2	1287
430/3	1285
430/4	60360
430/అ1	341
430/అ3	828
430/అ4	94
430/ఆ2	828
430/ఆ3	60493
430/ఆ4/1	60001
430/ఆ4/2	60360
431/అ2	828
431/అ2/1	341
431/అ4	1285
432	1332
432/1	1333
432/7	60167
432/అ1	2601
432/ఆ	829
432/ఇ	1103
432/ఉ	1410
433	60167
433/1	231
433/10	1730
433/1-2	1372
433/2/1/1	60597
433/2/1/2	60597
433/5	60783
433/6	60783
433/7	1103
433/అ1	1727
433/అ/1	1332
433/అ2/1	1728
433/ఆ/2	1333
433/ఇ	1410
434/అ1	1731
434/అ2	976
434/ఆ1	1333
434/ఆ/1	1332
434/ఈ/1	1868
434/ఈ/2	1866
435/అ/1	1868
435/అ/2	1866
435/ఆ3	242
435/ఇ	1374
435/ఈ1/1	147
435/ఈ2	1732
435/ఉ1	1732
435/ఉ2	719
435/ఉ3/1	147
436	782
436/అ1/1	281
436/అ1/2	60744
436/అ1/3	60745
436/ఆ1	528
436/ఆ-1	719
436/ఇ-3/1	15026
436/ఇ-4	1734
437/2	719
437/3/1	1926
437/3/2	1866
438	60412
438/1	1727
438/ఆ/1/1	1321
438/ఆ/1/2	60374
438/ఆ/2	60372
438/ఇ2	252
439	281
439/ఆ	27
439/ఆ1	27
439/ఇ/1	60744
439/ఇ/2	60745
440	7552
440/1	1739
440/2	60552
440/అ	60423
440/అ/ఇ	1739
440/అ/ఇ1	1739
440/అ/ఇ2	1739
440/ఈ	576
440/ఉ	28
440/ఊ	1737
440/రు	28
440/రు1	1740
441/ఆ	716
441/ఇ	576
441/ఇ-1	716
441/ఈ	1737
442/ఆ	832
442/ఆ3	60079
442/ఆ4	60080
442/ఇ-1	1737
442/ఇ-2	832
442/ఈ	28
442/ఉ	28
443	60696
443/1	1336
443/అ1	712
443/అ2/1	60632
443/అ2/2	60197
443/ఆ2	712
444	1296
444/1	1717
444/11	1538
444/2/1	60696
444/2/2	60697
444/2/3	60698
444/4	1813
444/5/1	1813
444/5/2	60819
444/6	540
444/8	1549
444/అ2	540
444/అ/3	1737
444/అ5/1	60851
444/అ5/2	60197
444/ఆ3	474
445	252
445/1/1	231
445/1/2	60413
445/2	1727
445/2/1	1937
445/2/2	1867
445/3/1/1	800
445/3/1/2	60832
445/3/2	800
445/3/3	60833
445/4	1727
445/5	281
445/7/1	60547
445/7/2	60187
445/8	830
445/9	60744
445/అ1	528
445/అ-3/1	147
445/ఆ	474
445/ఆ1	474
445/ఆ/3	60373
445/ఈ1	1744
445/ఈ2	60744
445/ఉ4/1/1	1321
445/ఉ4/1/2	60374
445/ఉ4/2	60373
446/2	800
446/అ1/2	2503
446/అ2/1/1	26
446/అ2/1/2	60441
446/అ2/1/3	60442
446/అ2/1/4	60443
446/ఆ	541
447	231
447/అ1	60160
447/అ1/1	193
447/అ2	193
448/అ1/1/1	1089
448/అ1/1/2	60597
448/అ2	60166
448/అ3	60166
448/ఆ	60597
448/ఆ1	543
448/ఇ/1	26
448/ఇ/2	60439
448/ఇ/3	60440
448/ఇ/4	60273
448/ఇ/5	60441
448/ఇ/6	60442
448/ఈ	541
449	1748
449/11	1846
449/3	1748
449/4/1	1926
449/4/2	576
449/5	703
449/ఆ	703
450/అ1	543
450/అ2/1	1089
450/అ3	1088
450/ఆ1	251
450/ఆ2	60243
450/ఈ	543
451	1422
451/1	1422
451/అ2-2	1087
451/ఆ	1087
451/ఆ1	1067
452/అ1/1/1/1/1	440
452/అ1/1/1/1/2	60327
452/అ1/1/1/2	60326
452/అ1/1/2	60325
452/అ1/2	60324
452/ఆ-1	1752
452/ఆ2	60298
452/ఇ	1088
452/ఈ/1	1089
453	60375
453/ఆ	454
454/అ	194
454/అ1	336
454/అ2	380
454/అ3	1754
454/అ4	182
454/ఆ	8004
454/ఆ1/1	885
454/ఆ/2	8004
454/ఆ2/1	885
454/ఆ3	60266
455/1	60676
455/అ1	1756
455/ఆ1	8004
456	1757
456/1	8004
456/2	60332
456/4	1125
456/9	1831
456/అ	576
456/ఆ1-3	1757
456/ఆ/2	8004
457	1443
457/1	1444
457/2	1445
457/3	1446
458/1	182
458/2	380
458/అ	380
458/ఆ	336
458/ఆ2	380
458/ఆ3	60118
458/ఆ4	1754
458/ఆ5	60118
458/ఇ/2	336
459	1336
459/10	60815
459/2/2	1802
459/4/1	1840
459/4/2	1840
459/6	1336
459/అ3	1840
459/అ4	1840
459/ఆ	1754
459/ఆ2	336
459/ఆ/2	60631
459/ఆ3	380
459/ఆ/4	1840
459/ఆ5	182
459/ఇ1	1379
459/ఇ/2	1379
459/ఈ	344
459/ఉ2	1377
459/ఉ3	1378
459/ఉ6	60311
460/11	1538
460/12	1538
460/2	576
460/2/2/1	1802
460/2/2/2	60785
460/2/3/1	1802
460/2/3/2	60785
460/2/4/1	1802
460/2/4/2	60785
460/2/5/1	1802
460/2/5/2	60785
460/4	1717
460/6	540
460/7	1717
460/8	60271
461/అ1/1/1/1	233
461/అ1/1/1/2	60520
461/అ1/1/2	60191
461/అ1/2	1389
461/అ-2/2	1446
461/అ-2/3	1445
461/అ-2/4	1444
461/అ-2/5	1443
461/అ3/1/1	60520
461/అ3/1/2	60191
461/అ3/2	1389
462/అ	1828
462/ఆ	60660
462/ఆ3	60052
462/ఈ/1	803
462/ఈ/2	60660
462/ఉ	1828
463/2	1840
463/5/1	1546
463/5/2/1/2	1802
463/5/2/2	1840
463/అ1/1	1840
463/అ1/2	836
463/అ2/1	1832
463/అ2/2	1833
463/అ2/3/1	1834
463/అ2/3/2	1546
463/అ3	836
463/అ4	544
464	1833
464/ఆ/3	1832
465/అ	836
465/ఇ/2	544
465/ఇ5	184
466/6	1833
466/అ1	60012
467/1	60206
467/అ-4	1768
467/అ4-1	1277
467/ఆ/2/1	836
467/ఆ/2/2	1840
467/ఇ5	184
467/ఈ2	544
467/ఈ3	184
468	1768
468/1	60396
468/3	1277
469	7557
469/1/2	7557
469/2	1536
469/8	1829
469/అ1	576
470/అ	1777
471/ఆ1	621
471/ఇ/1	621
471/ఇ/2	60465
472	1422
472/అ	658
472/ఆ1	1795
472/ఆ2	60721
472/ఆ-3	918
472/ఆ5	7564
472/ఆ-5	545
472/ఆ-7/1/2	8004
472/ఆ-7/2	8003
472/ఇ-1	838
472/ఈ1	658
472/ఈ2	838
473/1-3	60535
473/అ1-1	60721
473/అ1-2	918
473/అ1-4	545
473/అ2	837
473/అ-3/1/2	8004
473/అ-3/2	8003
473/ఆ-1	838
473/ఆ2	7564
473/ఇ-1	838
474/1/2	60759
474/1/3	60759
474/2/3	60759
474/2/4	60759
474/3/3	60759
474/3/4	60759
474/ఆ1/3	60759
474/ఆ1/4/1	60759
474/ఆ1/4/2	60821
474/ఇ/2	60759
475/అ3	839
476/1	1336
476/2	3262
476/3	344
476/ఆ2	60450
476/ఇ	60450
476/ఈ	60450
477/అ/1/1/1/1	1774
477/అ/1/1/1/2	60716
477/అ/1/1/2	60211
477/అ/1/2	60713
477/అ/1/3	60714
477/అ/1/4	60715
477/అ/2	60211
477/ఆ1/1/1	60359
477/ఆ1/1/2	60510
477/ఆ1/2/1/1	60331
477/ఆ1/2/1/2	60511
477/ఆ1/2/2	1773
478/10	60630
478/10/1	1407
478/11	60630
478/1/1	60388
478/12	459
478/1/2	60387
478/1/3	60386
478/2	1775
478/3/2	2514
478/4	716
478/6	743
478/6/1	672
478/7	802
478/8	712
478/9/1	1336
478/9/2	60632
478/ఆ3	839
478/ఈ2	278
479/3/1	607
479/అ1-1/1	917
479/అ1-1/2	60721
479/అ1-2	918
479/అ1-3/1	60533
479/అ1-3/2	60535
479/అ1-4	545
479/అ-2	837
479/అ-3/1/2	8004
479/అ-3/2	8003
479/అ5	7564
479/ఆ-1	670
479/ఆ-2	838
479/ఆ/2	918
479/ఇ1	838
479/ఇ3	1393
479/ఇ/3	917
480/అ	658
480/ఆ	1777
481	1777
481/1	1326
481/ఇ/2	1326
482/అ2	1270
482/అ2/1	1272
482/ఆ	1838
482/ఆ1	60406
482/ఆ-2	1270
482/ఆ-2/1	1780
483/అ	840
483/ఆ	396
483/ఆ2/1	1838
483/ఆ2/2	1839
483/ఆ3/1	1838
483/ఆ3/2	1849
484/1/1	1849
484/1/2	1953
484/అ-1/1	1856
484/అ-1/2	1953
484/ఆ	840
484/ఇ-1	31
484/ఇ-2	60006
484/ఇ-3	60238
484/ఇ-4	60779
485/అ-1/1/1/1	282
485/అ-1/1/1/2	1241
485/అ-1/1/2	31
485/అ-1/2	60261
485/అ-2	60559
485/ఆ-1/1	60559
485/ఆ-1/2	60238
485/ఆ-2	840
485/ఆ-3/2	842
485/ఆ-4	8037
486	1309
486/అ-1-1	15008
486/అ-1/1/1	60404
486/అ-1/1/2	60402
486/అ-1/2	60401
486/అ2	60401
486/ఆ	15013
486/ఆ-1	15013
486/ఆ-2	938
486/ఇ	60404
486/ఈ	938
487/1	1284
487/2	60459
487/4	1838
487/5	1272
487/అ	7546
487/అ1	7544
487/ఆ	1284
487/ఆ/1	1284
487/ఆ1/1/1/1	60459
487/ఆ1/1/1/2	60460
487/ఆ1/1/2	7546
487/ఆ1/2	7544
488/1	60190
488/1/2	60190
488/1/3	60190
488/1/4	60190
488/అ1	7558
488/అ/2	7558
488/ఆ	60190
489/1	14
489/2	60400
489/అ	1904
489/ఆ	236
489/ఆ1/1	1784
489/ఆ1/2	60400
489/ఆ/3	60082
490/11	1717
490/4	704
490/5	703
490/6	1692
490/9	60851
490/అ1	576
490/ఇ4	345
490/ఇ-4	598
491/1	576
491/10	60851
491/12	1717
491/13	540
491/1/3	540
491/17	1538
491/2	1786
491/24	598
491/5	704
491/6	703
491/7	1692
491/ఇ4	345
492/1	576
492/3	1538
492/4	540
492/7	1538
492/ఆ	1786
492/ఇ	704
492/ఇ-1	598
492/ఇ4	60697
492/ఈ	703
492/ఉ	1692
492/రూ	60851
492/లు7	1717
493	842
493/అ1/2	8037
494/1	282
498/1/1/1	60193
498/1/1/2	60191
498/1/2	1389
498/అ1	1467
498/అ2/1	1788
498/అ3	34
498/అ3/1	1788
499/1/1	60193
499/1/2	60191
499/2	1389
500/6	184
500/7	184
500/ఆ1	184
500/ఆ2	60806
500/ఆ3	1950
500/ఆ4	344
501/ఇ	846
502	184
502/1	184
502/2	184
502/అ	1950
502/అ1	60806
502/అ2	1790
502/అ4	1790
502/ఆ2	184
502/ఆ3	184
503/2	184
503/అ1/1	60806
503/అ1/2	60807
503/అ2	1950
503/అ3	184
503/అ4	846
503/ఆ2	184
503/ఆ3	836
503/ఇ	184
503/ఇ3	184
504/అ	184
504/అ1	184
504/అ2	60807
504/అ3	184
504/ఆ	846
504/ఆ1	1950
504/ఆ2	184
504/ఆ3	184
504/ఆ4	184
505/అ/2	7558
505/ఆ	7558
505/ఇ/2	7558
505/ఈ	7558
506/1/2	60241
506/1/3	60299
506/2	1955
506/అ	60241
506/అ3/2	7544
506/అ3/3	7545
506/అ3/4	7546
508/అ1/2	60299
508/అ2/2	60711
508/ఇ/2	60299
508/ఈ/2/1	8056
508/ఈ/2/2	60711
509/1	1795
509/అ1	60368
509/అ2	60476
509/అ3	60476
509/ఇ1/1/1	896
509/ఇ1/1/2	60411
509/ఇ1/2	60410
509/ఇ3	896
509/ఇ4/1	1014
509/ఇ4/2	60273
510/1	60164
510/2	60181
510/ఆ/3	60181
512	60805
512/10/1	60735
512/11	917
512/13	918
512/14	60596
512/15/1	60164
512/15/2	60181
512/2/1	60596
512/2/2	60596
512/3	1950
512/5	7564
512/5/1	1793
512/5/2	8020
512/6	846
512/7	1793
512/8	1790
513	896
513/1/1	2500
513/1/2	1014
513/అ-1/2	1446
513/అ-1/3	1445
513/అ-1/4	1444
513/అ-1/5	1443
513/ఆ-1	528
513/ఆ2-1	1063
513/ఆ3	1013
513/ఆ4/1	147
514/అ1	458
514/అ2	459
514/అ3	459
515/1	1206
515/అ	60368
515/ఆ	669
515/ఆ/1	1231
516	60241
516/1/1/1/1	1277
516/1/1/1/2	60399
516/1/1/2	60702
516/1/2	60368
516/3	669
516/6/2	7544
516/6/3	7545
516/6/4	7546
516/7/2	7544
516/7/3	7545
516/7/4	7546
516/అ	60299
516/అ/1	1231
516/అ2	669
516/అ3/2	7544
516/అ3/3	7545
516/అ3/4	7546
516/ఆ1	60368
516/ఆ/2	60241
516/ఈ3	60241
517/1	419
517/2	60344
518/1	419
518/అ	60344
519/1	419
519/2	419
519/3	1913
520/1	7
520/2	1837
520/అ	419
521	60241
521/అ/2	60299
521/అ4/2	7544
521/అ4/3/1	7545
521/అ4/3/2	60461
521/అ4/4	7546
522/1	60206
522/3	1955
522/అ	1768
522/అ2/1	1277
522/అ2/2/1	60299
522/అ2/2/2/1	60430
522/అ2/2/2/2	60624
522/ఆ2	60461
522/ఆ4	7546
522/ఆ5	7544
523/2	1955
524	1277
524/1	1277
524/2/1	1277
524/2/2	1277
524/3	1955
525	60241
525/1	1277
525/2	1277
525/3	1277
525/అ2/2	7544
525/అ2/3	7545
525/అ2/4	7546
525/అ-3/2	2512
527/10	87
527/1/3	1538
527/14	540
527/2	598
527/3	60851
527/6	1011
527/8	703
527/9	704
527/అ4	598
527/అ/4	60697
527/ఆ1	1786
527/ఈ7	1717
528/ఆ	717
528/ఆ1	28
528/ఆ2	1796
528/ఆ3	1797
529	60241
529/1/1	1277
529/1/2	60684
529/3/2	7544
529/3/3	7545
529/3/4	7546
529/అ1	60684
529/అ3	1277
529/ఇ/2	2512
529/ఈ/2	7544
529/ఈ/3	7545
529/ఈ/4	7546
530/1	60684
530/3	836
530/అ1	60684
530/అ3	60684
530/ఆ1/2	7544
530/ఆ1/3	7545
530/ఆ1/4	7546
530/ఆ3/2	2512
530/ఇ2	184
530/ఇ3/1	836
530/ఇ4	544
531	60463
531/1	60489
531/2/1/1	1277
531/2/1/2/1	1768
531/2/1/2/2	60463
531/2/2	60489
532/అ	344
532/ఆ	60006
532/ఇ	1067
533/అ1	344
533/ఆ1	60779
533/ఆ2	60006
533/ఇ	1067
534/అ	344
534/ఆ1	60779
534/ఆ2	60006
534/ఇ2	1067
535/1	60489
535/2	60489
535/3	60206
535/4	60489
